Lemma,LexEntity
Kalendae,urn:cite:perseus:latlexent.lex4239.1
ab,urn:cite:perseus:latlexent.lex9104.1
abeo,urn:cite:perseus:latlexent.lex9147.1
abnepos,urn:cite:perseus:latlexent.lex9223.1
absolvo,urn:cite:perseus:latlexent.lex9315.1
accedo,urn:cite:perseus:latlexent.lex9398.1
accendo,urn:cite:perseus:latlexent.lex9403.1
accenseo,urn:cite:perseus:latlexent.lex9404.1
accensus,urn:cite:perseus:latlexent.lex9407.1
accensus,urn:cite:perseus:latlexent.lex9408.1
actus,urn:cite:perseus:latlexent.lex9644.1
ad,urn:cite:perseus:latlexent.lex9671.1
adamplio,urn:cite:perseus:latlexent.lex9697.1
adjutor,urn:cite:perseus:latlexent.lex9912.1
adnato,urn:cite:perseus:latlexent.lex10019.1
adnepos,urn:cite:perseus:latlexent.lex10023.1
advocatio,urn:cite:perseus:latlexent.lex10256.1
advocatus,urn:cite:perseus:latlexent.lex10258.1
advocatus,urn:cite:perseus:latlexent.lex10259.1
advoco,urn:cite:perseus:latlexent.lex10260.1
aedes,urn:cite:perseus:latlexent.lex10272.1
aedilis,urn:cite:perseus:latlexent.lex10286.1
aer,urn:cite:perseus:latlexent.lex10403.1
aetas,urn:cite:perseus:latlexent.lex10471.1
ager,urn:cite:perseus:latlexent.lex10577.1
ago,urn:cite:perseus:latlexent.lex10647.1
alimentum,urn:cite:perseus:latlexent.lex10800.1
allectus,urn:cite:perseus:latlexent.lex10872.1
alo,urn:cite:perseus:latlexent.lex10927.1
altar,urn:cite:perseus:latlexent.lex10945.1
altarium,urn:cite:perseus:latlexent.lex10947.1
alto,urn:cite:perseus:latlexent.lex10989.1
altum,urn:cite:perseus:latlexent.lex10994.1
altus,urn:cite:perseus:latlexent.lex10996.1
alumnus,urn:cite:perseus:latlexent.lex11008.1
alveus,urn:cite:perseus:latlexent.lex11017.1
amo,urn:cite:perseus:latlexent.lex11179.1
amplio,urn:cite:perseus:latlexent.lex11240.1
an,urn:cite:perseus:latlexent.lex11277.1
anathema,urn:cite:perseus:latlexent.lex11319.1
anathema,urn:cite:perseus:latlexent.lex11320.1
angelicus,urn:cite:perseus:latlexent.lex11381.1
angelus,urn:cite:perseus:latlexent.lex11384.1
anima,urn:cite:perseus:latlexent.lex11432.1
animus,urn:cite:perseus:latlexent.lex11457.1
anno,urn:cite:perseus:latlexent.lex11483.1
anno,urn:cite:perseus:latlexent.lex11484.1
annus,urn:cite:perseus:latlexent.lex11511.1
antes,urn:cite:perseus:latlexent.lex11601.1
anthus,urn:cite:perseus:latlexent.lex11633.1
anus,urn:cite:perseus:latlexent.lex11697.1
anus,urn:cite:perseus:latlexent.lex11698.1
aperio,urn:cite:perseus:latlexent.lex11720.1
arcus,urn:cite:perseus:latlexent.lex12125.1
argentarium,urn:cite:perseus:latlexent.lex12165.1
argentarius,urn:cite:perseus:latlexent.lex12166.1
argentarius,urn:cite:perseus:latlexent.lex12167.1
arma,urn:cite:perseus:latlexent.lex12232.1
armo,urn:cite:perseus:latlexent.lex12261.1
armus,urn:cite:perseus:latlexent.lex12264.1
arx,urn:cite:perseus:latlexent.lex12377.1
asclepias,urn:cite:perseus:latlexent.lex12409.1
au,urn:cite:perseus:latlexent.lex12799.1
augeo,urn:cite:perseus:latlexent.lex12863.1
augur,urn:cite:perseus:latlexent.lex12871.1
augurium,urn:cite:perseus:latlexent.lex12882.1
auguro,urn:cite:perseus:latlexent.lex12885.1
auguror,urn:cite:perseus:latlexent.lex12886.1
augusto,urn:cite:perseus:latlexent.lex12889.1
augustus,urn:cite:perseus:latlexent.lex12890.1
avitium,urn:cite:perseus:latlexent.lex13067.1
avitus,urn:cite:perseus:latlexent.lex13068.1
basilium,urn:cite:perseus:latlexent.lex13262.1
bellus,urn:cite:perseus:latlexent.lex13343.1
bene,urn:cite:perseus:latlexent.lex13357.1
beneficium,urn:cite:perseus:latlexent.lex13371.1
benus,urn:cite:perseus:latlexent.lex13387.1
bios,urn:cite:perseus:latlexent.lex13515.1
bis,urn:cite:perseus:latlexent.lex13541.1
boarius,urn:cite:perseus:latlexent.lex13622.1
bolus,urn:cite:perseus:latlexent.lex13637.1
bonus,urn:cite:perseus:latlexent.lex13657.1
bovarius,urn:cite:perseus:latlexent.lex13690.1
caedo,urn:cite:perseus:latlexent.lex13973.1
caelestis,urn:cite:perseus:latlexent.lex13982.1
caesus,urn:cite:perseus:latlexent.lex14043.1
caesus,urn:cite:perseus:latlexent.lex14044.1
canis,urn:cite:perseus:latlexent.lex14341.1
caput,urn:cite:perseus:latlexent.lex14522.1
cardinalis,urn:cite:perseus:latlexent.lex14557.1
careo,urn:cite:perseus:latlexent.lex14569.1
caro,urn:cite:perseus:latlexent.lex14611.1
caros,urn:cite:perseus:latlexent.lex14615.1
carus,urn:cite:perseus:latlexent.lex14651.1
casia,urn:cite:perseus:latlexent.lex14667.1
castra,urn:cite:perseus:latlexent.lex14716.1
castrensis,urn:cite:perseus:latlexent.lex14725.1
castro,urn:cite:perseus:latlexent.lex14726.1
castrum,urn:cite:perseus:latlexent.lex14727.1
celsus,urn:cite:perseus:latlexent.lex14994.1
centuria,urn:cite:perseus:latlexent.lex15072.1
centurio,urn:cite:perseus:latlexent.lex15079.1
cerdo,urn:cite:perseus:latlexent.lex15132.1
ceterum,urn:cite:perseus:latlexent.lex15236.1
ceterus,urn:cite:perseus:latlexent.lex15238.1
chara,urn:cite:perseus:latlexent.lex15305.1
cichorium,urn:cite:perseus:latlexent.lex15473.1
cieo,urn:cite:perseus:latlexent.lex15485.1
circaea,urn:cite:perseus:latlexent.lex15551.1
circaeum,urn:cite:perseus:latlexent.lex15552.1
cis,urn:cite:perseus:latlexent.lex15851.1
civilis,urn:cite:perseus:latlexent.lex15911.1
civis,urn:cite:perseus:latlexent.lex15914.1
civitas,urn:cite:perseus:latlexent.lex15915.1
clarus,urn:cite:perseus:latlexent.lex15956.1
classis,urn:cite:perseus:latlexent.lex15961.1
claudo,urn:cite:perseus:latlexent.lex15971.1
claudo,urn:cite:perseus:latlexent.lex15972.1
claudus,urn:cite:perseus:latlexent.lex15974.1
clemens,urn:cite:perseus:latlexent.lex16003.1
clericus,urn:cite:perseus:latlexent.lex16013.1
cloaca,urn:cite:perseus:latlexent.lex16046.1
cognosco,urn:cite:perseus:latlexent.lex16305.1
cohors,urn:cite:perseus:latlexent.lex16325.1
collabor,urn:cite:perseus:latlexent.lex16372.1
collegium,urn:cite:perseus:latlexent.lex16419.1
colo,urn:cite:perseus:latlexent.lex16497.1
colonia,urn:cite:perseus:latlexent.lex16510.1
comitio,urn:cite:perseus:latlexent.lex16631.1
comitium,urn:cite:perseus:latlexent.lex16632.1
commodum,urn:cite:perseus:latlexent.lex16775.1
commodus,urn:cite:perseus:latlexent.lex16777.1
communio,urn:cite:perseus:latlexent.lex16823.1
comparo,urn:cite:perseus:latlexent.lex16882.1
comparo,urn:cite:perseus:latlexent.lex16883.1
concordia,urn:cite:perseus:latlexent.lex17248.1
concubina,urn:cite:perseus:latlexent.lex17284.1
conjugium,urn:cite:perseus:latlexent.lex17733.1
conjunx,urn:cite:perseus:latlexent.lex17745.1
consecro,urn:cite:perseus:latlexent.lex17874.1
conspicio,urn:cite:perseus:latlexent.lex18017.1
consul,urn:cite:perseus:latlexent.lex18103.1
consulo,urn:cite:perseus:latlexent.lex18109.1
consulto,urn:cite:perseus:latlexent.lex18115.1
consultum,urn:cite:perseus:latlexent.lex18120.1
consultus,urn:cite:perseus:latlexent.lex18121.1
consum,urn:cite:perseus:latlexent.lex18123.1
consumo,urn:cite:perseus:latlexent.lex18129.1
contingo,urn:cite:perseus:latlexent.lex18255.1
contingo,urn:cite:perseus:latlexent.lex18256.1
contra,urn:cite:perseus:latlexent.lex18288.1
contubernalis,urn:cite:perseus:latlexent.lex18350.1
corpus,urn:cite:perseus:latlexent.lex18662.1
corrigo,urn:cite:perseus:latlexent.lex18685.1
corrumpo,urn:cite:perseus:latlexent.lex18703.1
corruptus,urn:cite:perseus:latlexent.lex18714.1
crassus,urn:cite:perseus:latlexent.lex18830.1
cresco,urn:cite:perseus:latlexent.lex18909.1
crustulum,urn:cite:perseus:latlexent.lex19051.1
crux,urn:cite:perseus:latlexent.lex19053.1
crypta,urn:cite:perseus:latlexent.lex19054.1
cubitum,urn:cite:perseus:latlexent.lex19080.1
cubitus,urn:cite:perseus:latlexent.lex19082.1
cubo,urn:cite:perseus:latlexent.lex19084.1
cujus,urn:cite:perseus:latlexent.lex19121.1
cujus,urn:cite:perseus:latlexent.lex19122.1
cultellus,urn:cite:perseus:latlexent.lex19163.1
cur,urn:cite:perseus:latlexent.lex19272.1
cura,urn:cite:perseus:latlexent.lex19273.1
curator,urn:cite:perseus:latlexent.lex19281.1
curatorius,urn:cite:perseus:latlexent.lex19284.1
curo,urn:cite:perseus:latlexent.lex19306.1
de,urn:cite:perseus:latlexent.lex19511.1
decedo,urn:cite:perseus:latlexent.lex19581.1
decerno,urn:cite:perseus:latlexent.lex19617.1
decet,urn:cite:perseus:latlexent.lex19627.1
decretum,urn:cite:perseus:latlexent.lex19710.1
decurio,urn:cite:perseus:latlexent.lex19733.1
dedico,urn:cite:perseus:latlexent.lex19770.1
dedo,urn:cite:perseus:latlexent.lex19780.1
deeo,urn:cite:perseus:latlexent.lex19799.1
delego,urn:cite:perseus:latlexent.lex20036.1
designo,urn:cite:perseus:latlexent.lex20537.1
deus,urn:cite:perseus:latlexent.lex20737.1
diadumenus,urn:cite:perseus:latlexent.lex20855.1
dico,urn:cite:perseus:latlexent.lex20960.1
dico,urn:cite:perseus:latlexent.lex20961.1
dies,urn:cite:perseus:latlexent.lex20998.1
dimitto,urn:cite:perseus:latlexent.lex21189.1
dius,urn:cite:perseus:latlexent.lex21683.1
diva,urn:cite:perseus:latlexent.lex21693.1
dives,urn:cite:perseus:latlexent.lex21716.1
divinitas,urn:cite:perseus:latlexent.lex21732.1
divus,urn:cite:perseus:latlexent.lex21759.1
do,urn:cite:perseus:latlexent.lex21761.1
dominus,urn:cite:perseus:latlexent.lex21857.1
domus,urn:cite:perseus:latlexent.lex21876.1
dono,urn:cite:perseus:latlexent.lex21890.1
donum,urn:cite:perseus:latlexent.lex21891.1
duo,urn:cite:perseus:latlexent.lex22042.1
durius,urn:cite:perseus:latlexent.lex22114.1
durus,urn:cite:perseus:latlexent.lex22118.1
eadem,urn:cite:perseus:latlexent.lex22149.1
edo,urn:cite:perseus:latlexent.lex22274.1
edo,urn:cite:perseus:latlexent.lex22275.1
effero,urn:cite:perseus:latlexent.lex22329.1
ego,urn:cite:perseus:latlexent.lex22435.1
ei,urn:cite:perseus:latlexent.lex22450.1
electo,urn:cite:perseus:latlexent.lex22529.1
electo,urn:cite:perseus:latlexent.lex22530.1
eligo,urn:cite:perseus:latlexent.lex22580.1
em,urn:cite:perseus:latlexent.lex22656.1
en,urn:cite:perseus:latlexent.lex22812.1
eo,urn:cite:perseus:latlexent.lex22947.1
eo,urn:cite:perseus:latlexent.lex22948.1
equester,urn:cite:perseus:latlexent.lex23101.1
equus,urn:cite:perseus:latlexent.lex23123.1
erigo,urn:cite:perseus:latlexent.lex23166.1
et,urn:cite:perseus:latlexent.lex23298.1
evangelista,urn:cite:perseus:latlexent.lex23406.1
ex,urn:cite:perseus:latlexent.lex23489.1
excolo,urn:cite:perseus:latlexent.lex23691.1
exerceo,urn:cite:perseus:latlexent.lex23790.1
exercio,urn:cite:perseus:latlexent.lex23792.1
exercitatio,urn:cite:perseus:latlexent.lex23795.1
exercitus,urn:cite:perseus:latlexent.lex23809.1
exorno,urn:cite:perseus:latlexent.lex23950.1
expedio,urn:cite:perseus:latlexent.lex23996.1
expeditio,urn:cite:perseus:latlexent.lex23998.1
expeditus,urn:cite:perseus:latlexent.lex24000.1
expiatus,urn:cite:perseus:latlexent.lex24041.1
expio,urn:cite:perseus:latlexent.lex24049.1
exsto,urn:cite:perseus:latlexent.lex24279.1
exta,urn:cite:perseus:latlexent.lex24322.1
faber,urn:cite:perseus:latlexent.lex24479.1
faber,urn:cite:perseus:latlexent.lex24481.1
facio,urn:cite:perseus:latlexent.lex24529.1
factio,urn:cite:perseus:latlexent.lex24534.1
factum,urn:cite:perseus:latlexent.lex24546.1
factus,urn:cite:perseus:latlexent.lex24550.1
fama,urn:cite:perseus:latlexent.lex24642.1
familia,urn:cite:perseus:latlexent.lex24661.1
felicito,urn:cite:perseus:latlexent.lex24871.1
felix,urn:cite:perseus:latlexent.lex24877.1
femina,urn:cite:perseus:latlexent.lex24892.1
femino,urn:cite:perseus:latlexent.lex24899.1
fero,urn:cite:perseus:latlexent.lex24946.1
fictor,urn:cite:perseus:latlexent.lex25069.1
fidelis,urn:cite:perseus:latlexent.lex25089.1
fides,urn:cite:perseus:latlexent.lex25097.1
fides,urn:cite:perseus:latlexent.lex25098.1
filia,urn:cite:perseus:latlexent.lex25139.1
filius,urn:cite:perseus:latlexent.lex25151.1
filix,urn:cite:perseus:latlexent.lex25152.1
filum,urn:cite:perseus:latlexent.lex25153.1
fio,urn:cite:perseus:latlexent.lex25174.1
flamen,urn:cite:perseus:latlexent.lex25251.1
flamen,urn:cite:perseus:latlexent.lex25252.1
flaminium,urn:cite:perseus:latlexent.lex25259.1
flaminius,urn:cite:perseus:latlexent.lex25260.1
flo,urn:cite:perseus:latlexent.lex25328.1
floreo,urn:cite:perseus:latlexent.lex25335.1
for,urn:cite:perseus:latlexent.lex25480.1
forensis,urn:cite:perseus:latlexent.lex25496.1
fores,urn:cite:perseus:latlexent.lex25497.1
fori,urn:cite:perseus:latlexent.lex25500.1
forio,urn:cite:perseus:latlexent.lex25507.1
foris,urn:cite:perseus:latlexent.lex25509.1
foris,urn:cite:perseus:latlexent.lex25510.1
fortis,urn:cite:perseus:latlexent.lex25581.1
fortuno,urn:cite:perseus:latlexent.lex25592.1
forum,urn:cite:perseus:latlexent.lex25594.1
forus,urn:cite:perseus:latlexent.lex25595.1
forus,urn:cite:perseus:latlexent.lex25596.1
frater,urn:cite:perseus:latlexent.lex25647.1
fronto,urn:cite:perseus:latlexent.lex25787.1
frumentum,urn:cite:perseus:latlexent.lex25821.1
frustra,urn:cite:perseus:latlexent.lex25832.1
frustro,urn:cite:perseus:latlexent.lex25839.1
fungor,urn:cite:perseus:latlexent.lex25997.1
galla,urn:cite:perseus:latlexent.lex26145.1
gallica,urn:cite:perseus:latlexent.lex26149.1
gemino,urn:cite:perseus:latlexent.lex26244.1
geminus,urn:cite:perseus:latlexent.lex26245.1
genetrix,urn:cite:perseus:latlexent.lex26288.1
genius,urn:cite:perseus:latlexent.lex26313.1
gero,urn:cite:perseus:latlexent.lex26356.1
gratulatio,urn:cite:perseus:latlexent.lex26685.1
gratus,urn:cite:perseus:latlexent.lex26690.1
haedus,urn:cite:perseus:latlexent.lex26865.1
heres,urn:cite:perseus:latlexent.lex27175.1
hic,urn:cite:perseus:latlexent.lex27244.1
homo,urn:cite:perseus:latlexent.lex27420.1
honor,urn:cite:perseus:latlexent.lex27445.1
honorus,urn:cite:perseus:latlexent.lex27461.1
horreum,urn:cite:perseus:latlexent.lex27512.1
hortensius,urn:cite:perseus:latlexent.lex27537.1
hortus,urn:cite:perseus:latlexent.lex27543.1
hostis,urn:cite:perseus:latlexent.lex27570.1
hostus,urn:cite:perseus:latlexent.lex27572.1
huc,urn:cite:perseus:latlexent.lex27573.1
humilis,urn:cite:perseus:latlexent.lex27603.1
idem,urn:cite:perseus:latlexent.lex27815.1
ille,urn:cite:perseus:latlexent.lex27940.1
imperator,urn:cite:perseus:latlexent.lex28296.1
imperatorius,urn:cite:perseus:latlexent.lex28298.1
imperium,urn:cite:perseus:latlexent.lex28319.1
impero,urn:cite:perseus:latlexent.lex28326.1
impurus,urn:cite:perseus:latlexent.lex28545.1
in,urn:cite:perseus:latlexent.lex28556.1
incendium,urn:cite:perseus:latlexent.lex28751.1
indicium,urn:cite:perseus:latlexent.lex29252.1
infelix,urn:cite:perseus:latlexent.lex29615.1
inferus,urn:cite:perseus:latlexent.lex29643.1
ingenuus,urn:cite:perseus:latlexent.lex29837.1
inscriptio,urn:cite:perseus:latlexent.lex30332.1
insequor,urn:cite:perseus:latlexent.lex30385.1
insigne,urn:cite:perseus:latlexent.lex30427.1
insignis,urn:cite:perseus:latlexent.lex30431.1
insigno,urn:cite:perseus:latlexent.lex30436.1
instinctus,urn:cite:perseus:latlexent.lex30561.1
instinguo,urn:cite:perseus:latlexent.lex30562.1
insula,urn:cite:perseus:latlexent.lex30628.1
inter,urn:cite:perseus:latlexent.lex30744.1
intercedo,urn:cite:perseus:latlexent.lex30770.1
intro,urn:cite:perseus:latlexent.lex31213.1
invasor,urn:cite:perseus:latlexent.lex31307.1
invictus,urn:cite:perseus:latlexent.lex31366.1
ipse,urn:cite:perseus:latlexent.lex31463.1
is,urn:cite:perseus:latlexent.lex31616.1
iste,urn:cite:perseus:latlexent.lex31639.1
ita,urn:cite:perseus:latlexent.lex31653.1
item,urn:cite:perseus:latlexent.lex31657.1
iter,urn:cite:perseus:latlexent.lex31658.1
iterum,urn:cite:perseus:latlexent.lex31666.1
itis,urn:cite:perseus:latlexent.lex31675.1
ito,urn:cite:perseus:latlexent.lex31677.1
jaceo,urn:cite:perseus:latlexent.lex31763.1
jam,urn:cite:perseus:latlexent.lex31794.1
juba,urn:cite:perseus:latlexent.lex31842.1
jubeo,urn:cite:perseus:latlexent.lex31845.1
judex,urn:cite:perseus:latlexent.lex31855.1
judicium,urn:cite:perseus:latlexent.lex31868.1
jus,urn:cite:perseus:latlexent.lex31952.1
jussus,urn:cite:perseus:latlexent.lex31967.1
justa,urn:cite:perseus:latlexent.lex31968.1
justus,urn:cite:perseus:latlexent.lex31978.1
laicus,urn:cite:perseus:latlexent.lex32184.1
latus,urn:cite:perseus:latlexent.lex32483.1
latus,urn:cite:perseus:latlexent.lex32485.1
lavacrum,urn:cite:perseus:latlexent.lex32525.1
lavo,urn:cite:perseus:latlexent.lex32534.1
legatum,urn:cite:perseus:latlexent.lex32581.1
legatus,urn:cite:perseus:latlexent.lex32582.1
lego,urn:cite:perseus:latlexent.lex32600.1
lego,urn:cite:perseus:latlexent.lex32601.1
leo,urn:cite:perseus:latlexent.lex32668.1
lex,urn:cite:perseus:latlexent.lex32778.1
liber,urn:cite:perseus:latlexent.lex32809.1
liber,urn:cite:perseus:latlexent.lex32811.1
liberta,urn:cite:perseus:latlexent.lex32821.1
libertas,urn:cite:perseus:latlexent.lex32822.1
libertus,urn:cite:perseus:latlexent.lex32829.1
libo,urn:cite:perseus:latlexent.lex32840.1
lignarius,urn:cite:perseus:latlexent.lex32900.1
lignum,urn:cite:perseus:latlexent.lex32909.1
ligo,urn:cite:perseus:latlexent.lex32911.1
ligurio,urn:cite:perseus:latlexent.lex32914.1
lito,urn:cite:perseus:latlexent.lex33111.1
loco,urn:cite:perseus:latlexent.lex33173.1
locus,urn:cite:perseus:latlexent.lex33185.1
loquor,urn:cite:perseus:latlexent.lex33259.1
luci,urn:cite:perseus:latlexent.lex33310.1
lucius,urn:cite:perseus:latlexent.lex33329.1
lucus,urn:cite:perseus:latlexent.lex33382.1
lux,urn:cite:perseus:latlexent.lex33528.1
magis,urn:cite:perseus:latlexent.lex33706.1
magis,urn:cite:perseus:latlexent.lex33707.1
magistratus,urn:cite:perseus:latlexent.lex33717.1
magistro,urn:cite:perseus:latlexent.lex33719.1
magnitudo,urn:cite:perseus:latlexent.lex33753.1
magnus,urn:cite:perseus:latlexent.lex33755.1
magnus,urn:cite:perseus:latlexent.lex33756.1
magus,urn:cite:perseus:latlexent.lex33760.1
majestas,urn:cite:perseus:latlexent.lex33771.1
maledico,urn:cite:perseus:latlexent.lex33803.1
maledictio,urn:cite:perseus:latlexent.lex33804.1
malum,urn:cite:perseus:latlexent.lex33868.1
malus,urn:cite:perseus:latlexent.lex33873.1
malus,urn:cite:perseus:latlexent.lex33874.1
malus,urn:cite:perseus:latlexent.lex33876.1
mamma,urn:cite:perseus:latlexent.lex33883.1
mammo,urn:cite:perseus:latlexent.lex33889.1
mando,urn:cite:perseus:latlexent.lex33926.1
manus,urn:cite:perseus:latlexent.lex34050.1
marcus,urn:cite:perseus:latlexent.lex34069.1
martyrium,urn:cite:perseus:latlexent.lex34117.1
marum,urn:cite:perseus:latlexent.lex34118.1
mas,urn:cite:perseus:latlexent.lex34119.1
mater,urn:cite:perseus:latlexent.lex34160.1
maximus,urn:cite:perseus:latlexent.lex34229.1
medico,urn:cite:perseus:latlexent.lex34281.1
meio,urn:cite:perseus:latlexent.lex34333.1
melioro,urn:cite:perseus:latlexent.lex34377.1
membro,urn:cite:perseus:latlexent.lex34443.1
membrum,urn:cite:perseus:latlexent.lex34445.1
memor,urn:cite:perseus:latlexent.lex34450.1
memoria,urn:cite:perseus:latlexent.lex34463.1
mens,urn:cite:perseus:latlexent.lex34506.1
mensis,urn:cite:perseus:latlexent.lex34512.1
menta,urn:cite:perseus:latlexent.lex34532.1
mentior,urn:cite:perseus:latlexent.lex34541.1
mentum,urn:cite:perseus:latlexent.lex34548.1
mereo,urn:cite:perseus:latlexent.lex34589.1
mereor,urn:cite:perseus:latlexent.lex34590.1
merito,urn:cite:perseus:latlexent.lex34616.1
meritum,urn:cite:perseus:latlexent.lex34618.1
merum,urn:cite:perseus:latlexent.lex34636.1
merus,urn:cite:perseus:latlexent.lex34637.1
meto,urn:cite:perseus:latlexent.lex34705.1
meum,urn:cite:perseus:latlexent.lex34730.1
meus,urn:cite:perseus:latlexent.lex34731.1
miles,urn:cite:perseus:latlexent.lex34760.1
mille,urn:cite:perseus:latlexent.lex34781.1
minius,urn:cite:perseus:latlexent.lex34871.1
misceo,urn:cite:perseus:latlexent.lex34935.1
mius,urn:cite:perseus:latlexent.lex35027.1
moderatio,urn:cite:perseus:latlexent.lex35046.1
modium,urn:cite:perseus:latlexent.lex35072.1
modius,urn:cite:perseus:latlexent.lex35073.1
modus,urn:cite:perseus:latlexent.lex35086.1
monachus,urn:cite:perseus:latlexent.lex35197.1
mos,urn:cite:perseus:latlexent.lex35410.1
motus,urn:cite:perseus:latlexent.lex35425.1
moveo,urn:cite:perseus:latlexent.lex35428.1
mu,urn:cite:perseus:latlexent.lex35430.1
mula,urn:cite:perseus:latlexent.lex35454.1
mulceo,urn:cite:perseus:latlexent.lex35459.1
mulsum,urn:cite:perseus:latlexent.lex35497.1
multa,urn:cite:perseus:latlexent.lex35500.1
multo,urn:cite:perseus:latlexent.lex35583.1
multus,urn:cite:perseus:latlexent.lex35586.1
municeps,urn:cite:perseus:latlexent.lex35622.1
municipium,urn:cite:perseus:latlexent.lex35629.1
munimentum,urn:cite:perseus:latlexent.lex35640.1
munus,urn:cite:perseus:latlexent.lex35652.1
mus,urn:cite:perseus:latlexent.lex35709.1
mysta,urn:cite:perseus:latlexent.lex35867.1
mysterium,urn:cite:perseus:latlexent.lex35873.1
nam,urn:cite:perseus:latlexent.lex35905.1
natalis,urn:cite:perseus:latlexent.lex35973.1
natalis,urn:cite:perseus:latlexent.lex35974.1
nautilus,urn:cite:perseus:latlexent.lex36053.1
navicula,urn:cite:perseus:latlexent.lex36062.1
navis,urn:cite:perseus:latlexent.lex36075.1
navus,urn:cite:perseus:latlexent.lex36081.1
ne,urn:cite:perseus:latlexent.lex36085.1
ne,urn:cite:perseus:latlexent.lex36087.1
negotior,urn:cite:perseus:latlexent.lex36189.1
neo,urn:cite:perseus:latlexent.lex36208.1
nepos,urn:cite:perseus:latlexent.lex36223.1
no,urn:cite:perseus:latlexent.lex36429.1
nobilis,urn:cite:perseus:latlexent.lex36430.1
nomen,urn:cite:perseus:latlexent.lex36485.1
nona,urn:cite:perseus:latlexent.lex36505.1
nonus,urn:cite:perseus:latlexent.lex36541.1
nos,urn:cite:perseus:latlexent.lex36551.1
noster,urn:cite:perseus:latlexent.lex36560.1
numen,urn:cite:perseus:latlexent.lex36720.1
o,urn:cite:perseus:latlexent.lex5821.1
ob,urn:cite:perseus:latlexent.lex36853.1
obeliscus,urn:cite:perseus:latlexent.lex36898.1
oblatio,urn:cite:perseus:latlexent.lex36958.1
obscurus,urn:cite:perseus:latlexent.lex37112.1
offero,urn:cite:perseus:latlexent.lex37622.1
oleo,urn:cite:perseus:latlexent.lex37690.1
omnis,urn:cite:perseus:latlexent.lex37789.1
opera,urn:cite:perseus:latlexent.lex37846.1
operio,urn:cite:perseus:latlexent.lex37858.1
opos,urn:cite:perseus:latlexent.lex37944.1
opto,urn:cite:perseus:latlexent.lex38019.1
opus,urn:cite:perseus:latlexent.lex38032.1
ordinarius,urn:cite:perseus:latlexent.lex38085.1
ordior,urn:cite:perseus:latlexent.lex38094.1
ordo,urn:cite:perseus:latlexent.lex38096.1
orientalis,urn:cite:perseus:latlexent.lex38114.1
orno,urn:cite:perseus:latlexent.lex38150.1
oro,urn:cite:perseus:latlexent.lex38152.1
ovis,urn:cite:perseus:latlexent.lex38315.1
ovo,urn:cite:perseus:latlexent.lex38316.1
ovum,urn:cite:perseus:latlexent.lex38317.1
par,urn:cite:perseus:latlexent.lex38684.1
parens,urn:cite:perseus:latlexent.lex38779.1
parens,urn:cite:perseus:latlexent.lex38780.1
parento,urn:cite:perseus:latlexent.lex38787.1
pareo,urn:cite:perseus:latlexent.lex38788.1
pario,urn:cite:perseus:latlexent.lex38815.1
pario,urn:cite:perseus:latlexent.lex38816.1
pars,urn:cite:perseus:latlexent.lex38847.1
parthenium,urn:cite:perseus:latlexent.lex38853.1
pater,urn:cite:perseus:latlexent.lex38979.1
patria,urn:cite:perseus:latlexent.lex39010.1
patrius,urn:cite:perseus:latlexent.lex39030.1
patrius,urn:cite:perseus:latlexent.lex39031.1
patro,urn:cite:perseus:latlexent.lex39033.1
patronus,urn:cite:perseus:latlexent.lex39041.1
pax,urn:cite:perseus:latlexent.lex39114.1
per,urn:cite:perseus:latlexent.lex39400.1
percello,urn:cite:perseus:latlexent.lex39492.1
peregrinus,urn:cite:perseus:latlexent.lex39652.1
perpetuus,urn:cite:perseus:latlexent.lex40168.1
pertinax,urn:cite:perseus:latlexent.lex40409.1
peto,urn:cite:perseus:latlexent.lex40596.1
petronius,urn:cite:perseus:latlexent.lex40607.1
picus,urn:cite:perseus:latlexent.lex40835.1
pietas,urn:cite:perseus:latlexent.lex40838.1
pigeo,urn:cite:perseus:latlexent.lex40840.1
pio,urn:cite:perseus:latlexent.lex40939.1
pius,urn:cite:perseus:latlexent.lex41025.1
plautus,urn:cite:perseus:latlexent.lex41152.1
poena,urn:cite:perseus:latlexent.lex41291.1
pono,urn:cite:perseus:latlexent.lex41450.1
pons,urn:cite:perseus:latlexent.lex41451.1
pontifex,urn:cite:perseus:latlexent.lex41453.1
pontificius,urn:cite:perseus:latlexent.lex41456.1
pontus,urn:cite:perseus:latlexent.lex41461.1
populus,urn:cite:perseus:latlexent.lex41502.1
populus,urn:cite:perseus:latlexent.lex41503.1
porta,urn:cite:perseus:latlexent.lex41547.1
porticus,urn:cite:perseus:latlexent.lex41564.1
possum,urn:cite:perseus:latlexent.lex41607.1
post,urn:cite:perseus:latlexent.lex41608.1
posterus,urn:cite:perseus:latlexent.lex41623.1
postumus,urn:cite:perseus:latlexent.lex41680.1
potestas,urn:cite:perseus:latlexent.lex41702.1
potio,urn:cite:perseus:latlexent.lex41710.1
potior,urn:cite:perseus:latlexent.lex41713.1
potis,urn:cite:perseus:latlexent.lex41715.1
poto,urn:cite:perseus:latlexent.lex41725.1
praecipuus,urn:cite:perseus:latlexent.lex41822.1
praeeo,urn:cite:perseus:latlexent.lex41963.1
praefectus,urn:cite:perseus:latlexent.lex41981.1
praefectus,urn:cite:perseus:latlexent.lex41982.1
praeficio,urn:cite:perseus:latlexent.lex41995.1
praemium,urn:cite:perseus:latlexent.lex42166.1
praepono,urn:cite:perseus:latlexent.lex42261.1
praepositus,urn:cite:perseus:latlexent.lex42267.1
praetextatus,urn:cite:perseus:latlexent.lex42532.1
praetor,urn:cite:perseus:latlexent.lex42541.1
praetorium,urn:cite:perseus:latlexent.lex42546.1
praetorius,urn:cite:perseus:latlexent.lex42547.1
praetorqueo,urn:cite:perseus:latlexent.lex42548.1
primigenius,urn:cite:perseus:latlexent.lex42711.1
primitivus,urn:cite:perseus:latlexent.lex42723.1
primo,urn:cite:perseus:latlexent.lex42726.1
primus,urn:cite:perseus:latlexent.lex42742.1
princeps,urn:cite:perseus:latlexent.lex42743.1
principium,urn:cite:perseus:latlexent.lex42750.1
priscus,urn:cite:perseus:latlexent.lex42757.1
privatus,urn:cite:perseus:latlexent.lex42773.1
privo,urn:cite:perseus:latlexent.lex42780.1
pro,urn:cite:perseus:latlexent.lex42783.1
pro,urn:cite:perseus:latlexent.lex42784.1
probo,urn:cite:perseus:latlexent.lex42813.1
probus,urn:cite:perseus:latlexent.lex42823.1
proconsul,urn:cite:perseus:latlexent.lex42879.1
proconsularis,urn:cite:perseus:latlexent.lex42880.1
procurator,urn:cite:perseus:latlexent.lex42904.1
procuratorius,urn:cite:perseus:latlexent.lex42905.1
procus,urn:cite:perseus:latlexent.lex42918.1
procus,urn:cite:perseus:latlexent.lex42919.1
prodo,urn:cite:perseus:latlexent.lex42951.1
profanus,urn:cite:perseus:latlexent.lex42984.1
promereo,urn:cite:perseus:latlexent.lex43153.1
promotus,urn:cite:perseus:latlexent.lex43183.1
promoveo,urn:cite:perseus:latlexent.lex43185.1
pronepos,urn:cite:perseus:latlexent.lex43218.1
propago,urn:cite:perseus:latlexent.lex43252.1
propugnaculum,urn:cite:perseus:latlexent.lex43352.1
provincia,urn:cite:perseus:latlexent.lex43591.1
prudentia,urn:cite:perseus:latlexent.lex43631.1
publico,urn:cite:perseus:latlexent.lex43751.1
publicus,urn:cite:perseus:latlexent.lex43752.1
quaestor,urn:cite:perseus:latlexent.lex44251.1
quaestorius,urn:cite:perseus:latlexent.lex44253.1
quam,urn:cite:perseus:latlexent.lex44271.1
queo,urn:cite:perseus:latlexent.lex44380.1
qui,urn:cite:perseus:latlexent.lex44409.1
qui,urn:cite:perseus:latlexent.lex44410.1
quicumque,urn:cite:perseus:latlexent.lex44417.1
quinquennalis,urn:cite:perseus:latlexent.lex44489.1
quintus,urn:cite:perseus:latlexent.lex44524.1
quis,urn:cite:perseus:latlexent.lex44536.1
quis,urn:cite:perseus:latlexent.lex44537.1
quo,urn:cite:perseus:latlexent.lex44550.1
quot,urn:cite:perseus:latlexent.lex44587.1
rabidus,urn:cite:perseus:latlexent.lex44613.1
rado,urn:cite:perseus:latlexent.lex44650.1
rapio,urn:cite:perseus:latlexent.lex44699.1
rapto,urn:cite:perseus:latlexent.lex44707.1
raptor,urn:cite:perseus:latlexent.lex44708.1
rarus,urn:cite:perseus:latlexent.lex44725.1
rasis,urn:cite:perseus:latlexent.lex44729.1
ravio,urn:cite:perseus:latlexent.lex44774.1
ravus,urn:cite:perseus:latlexent.lex44777.1
ravus,urn:cite:perseus:latlexent.lex44778.1
rector,urn:cite:perseus:latlexent.lex44957.1
reddo,urn:cite:perseus:latlexent.lex45009.1
redemptio,urn:cite:perseus:latlexent.lex45011.1
redeo,urn:cite:perseus:latlexent.lex45018.1
redigo,urn:cite:perseus:latlexent.lex45026.1
reficio,urn:cite:perseus:latlexent.lex45097.1
regio,urn:cite:perseus:latlexent.lex45200.1
regnum,urn:cite:perseus:latlexent.lex45211.1
rego,urn:cite:perseus:latlexent.lex45212.1
reliquus,urn:cite:perseus:latlexent.lex45293.1
reor,urn:cite:perseus:latlexent.lex45437.1
res,urn:cite:perseus:latlexent.lex45597.1
restituo,urn:cite:perseus:latlexent.lex45729.1
reus,urn:cite:perseus:latlexent.lex45867.1
rex,urn:cite:perseus:latlexent.lex45939.1
rubeus,urn:cite:perseus:latlexent.lex46170.1
rubeus,urn:cite:perseus:latlexent.lex46171.1
rufus,urn:cite:perseus:latlexent.lex46218.1
ruina,urn:cite:perseus:latlexent.lex46228.1
rus,urn:cite:perseus:latlexent.lex46282.1
sacer,urn:cite:perseus:latlexent.lex46356.1
sacerdos,urn:cite:perseus:latlexent.lex46357.1
sacramentum,urn:cite:perseus:latlexent.lex46370.1
sacrum,urn:cite:perseus:latlexent.lex46397.1
saeptum,urn:cite:perseus:latlexent.lex46414.1
salio,urn:cite:perseus:latlexent.lex46496.1
salio,urn:cite:perseus:latlexent.lex46497.1
salus,urn:cite:perseus:latlexent.lex46561.1
sancio,urn:cite:perseus:latlexent.lex46609.1
sanctus,urn:cite:perseus:latlexent.lex46625.1
sano,urn:cite:perseus:latlexent.lex46666.1
sanus,urn:cite:perseus:latlexent.lex46668.1
saxum,urn:cite:perseus:latlexent.lex46850.1
scarus,urn:cite:perseus:latlexent.lex46936.1
scio,urn:cite:perseus:latlexent.lex47012.1
scius,urn:cite:perseus:latlexent.lex47047.1
secundo,urn:cite:perseus:latlexent.lex47267.1
secundo,urn:cite:perseus:latlexent.lex47268.1
secundus,urn:cite:perseus:latlexent.lex47270.1
semper,urn:cite:perseus:latlexent.lex47565.1
senatus,urn:cite:perseus:latlexent.lex47584.1
senex,urn:cite:perseus:latlexent.lex47594.1
seni,urn:cite:perseus:latlexent.lex47595.1
septimus,urn:cite:perseus:latlexent.lex47720.1
sequor,urn:cite:perseus:latlexent.lex47769.1
serapias,urn:cite:perseus:latlexent.lex47774.1
serapion,urn:cite:perseus:latlexent.lex47775.1
sero,urn:cite:perseus:latlexent.lex47815.1
sero,urn:cite:perseus:latlexent.lex47816.1
servus,urn:cite:perseus:latlexent.lex47878.1
severus,urn:cite:perseus:latlexent.lex47949.1
sevir,urn:cite:perseus:latlexent.lex47950.1
sex,urn:cite:perseus:latlexent.lex47955.1
sicuti,urn:cite:perseus:latlexent.lex48051.1
silurus,urn:cite:perseus:latlexent.lex48136.1
sima,urn:cite:perseus:latlexent.lex48149.1
simo,urn:cite:perseus:latlexent.lex48165.1
simus,urn:cite:perseus:latlexent.lex48200.1
sine,urn:cite:perseus:latlexent.lex48215.1
sino,urn:cite:perseus:latlexent.lex48240.1
sinum,urn:cite:perseus:latlexent.lex48245.1
sodalis,urn:cite:perseus:latlexent.lex48371.1
sol,urn:cite:perseus:latlexent.lex48376.1
sophia,urn:cite:perseus:latlexent.lex48516.1
spectaculum,urn:cite:perseus:latlexent.lex48652.1
splendidus,urn:cite:perseus:latlexent.lex48792.1
stator,urn:cite:perseus:latlexent.lex48975.1
statua,urn:cite:perseus:latlexent.lex48976.1
statuo,urn:cite:perseus:latlexent.lex48985.1
status,urn:cite:perseus:latlexent.lex48989.1
stephanos,urn:cite:perseus:latlexent.lex49016.1
sto,urn:cite:perseus:latlexent.lex49117.1
struo,urn:cite:perseus:latlexent.lex49266.1
subjaceo,urn:cite:perseus:latlexent.lex49532.1
subtraho,urn:cite:perseus:latlexent.lex49823.1
successor,urn:cite:perseus:latlexent.lex49904.1
sui,urn:cite:perseus:latlexent.lex50120.1
sum,urn:cite:perseus:latlexent.lex50141.1
suo,urn:cite:perseus:latlexent.lex50210.1
superstitio,urn:cite:perseus:latlexent.lex50492.1
supra,urn:cite:perseus:latlexent.lex50627.1
sus,urn:cite:perseus:latlexent.lex50704.1
sustineo,urn:cite:perseus:latlexent.lex50756.1
suus,urn:cite:perseus:latlexent.lex50781.1
syntrophus,urn:cite:perseus:latlexent.lex50864.1
tabula,urn:cite:perseus:latlexent.lex50905.1
tam,urn:cite:perseus:latlexent.lex50976.1
tamen,urn:cite:perseus:latlexent.lex50981.1
tantus,urn:cite:perseus:latlexent.lex51006.1
tat,urn:cite:perseus:latlexent.lex51039.1
tectum,urn:cite:perseus:latlexent.lex51091.1
tego,urn:cite:perseus:latlexent.lex51105.1
templum,urn:cite:perseus:latlexent.lex51168.1
tempus,urn:cite:perseus:latlexent.lex51184.1
teneo,urn:cite:perseus:latlexent.lex51212.1
ter,urn:cite:perseus:latlexent.lex51266.1
terra,urn:cite:perseus:latlexent.lex51320.1
tertius,urn:cite:perseus:latlexent.lex51369.1
testamentum,urn:cite:perseus:latlexent.lex51391.1
theatrum,urn:cite:perseus:latlexent.lex51493.1
theca,urn:cite:perseus:latlexent.lex51494.1
thermae,urn:cite:perseus:latlexent.lex51514.1
titulo,urn:cite:perseus:latlexent.lex51670.1
titulus,urn:cite:perseus:latlexent.lex51671.1
trado,urn:cite:perseus:latlexent.lex51866.1
transeo,urn:cite:perseus:latlexent.lex51962.1
transfero,urn:cite:perseus:latlexent.lex51966.1
tribunicius,urn:cite:perseus:latlexent.lex52180.1
tribunus,urn:cite:perseus:latlexent.lex52181.1
triceni,urn:cite:perseus:latlexent.lex52196.1
triduum,urn:cite:perseus:latlexent.lex52238.1
triumphus,urn:cite:perseus:latlexent.lex52401.1
tropaeum,urn:cite:perseus:latlexent.lex52425.1
tropaeus,urn:cite:perseus:latlexent.lex52426.1
tu,urn:cite:perseus:latlexent.lex52472.1
tuus,urn:cite:perseus:latlexent.lex52651.1
tyrannus,urn:cite:perseus:latlexent.lex52675.1
ulciscor,urn:cite:perseus:latlexent.lex52704.1
uno,urn:cite:perseus:latlexent.lex52925.1
unus,urn:cite:perseus:latlexent.lex52929.1
urbanus,urn:cite:perseus:latlexent.lex52941.1
urbs,urn:cite:perseus:latlexent.lex52946.1
ut,urn:cite:perseus:latlexent.lex53023.1
uti,urn:cite:perseus:latlexent.lex53040.1
uto,urn:cite:perseus:latlexent.lex53049.1
utor,urn:cite:perseus:latlexent.lex53050.1
uxor,urn:cite:perseus:latlexent.lex53085.1
uxorius,urn:cite:perseus:latlexent.lex53087.1
valeo,urn:cite:perseus:latlexent.lex53148.1
valeria,urn:cite:perseus:latlexent.lex53149.1
valgus,urn:cite:perseus:latlexent.lex53155.1
valles,urn:cite:perseus:latlexent.lex53161.1
vallus,urn:cite:perseus:latlexent.lex53169.1
varus,urn:cite:perseus:latlexent.lex53231.1
varus,urn:cite:perseus:latlexent.lex53232.1
vehes,urn:cite:perseus:latlexent.lex53309.1
veho,urn:cite:perseus:latlexent.lex53313.1
venustus,urn:cite:perseus:latlexent.lex53450.1
ver,urn:cite:perseus:latlexent.lex53457.1
vero,urn:cite:perseus:latlexent.lex53544.1
verso,urn:cite:perseus:latlexent.lex53577.1
versor,urn:cite:perseus:latlexent.lex53578.1
verum,urn:cite:perseus:latlexent.lex53607.1
verum,urn:cite:perseus:latlexent.lex53608.1
verus,urn:cite:perseus:latlexent.lex53611.1
vetus,urn:cite:perseus:latlexent.lex53695.1
vexillarius,urn:cite:perseus:latlexent.lex53710.1
via,urn:cite:perseus:latlexent.lex53715.1
victor,urn:cite:perseus:latlexent.lex53779.1
vidua,urn:cite:perseus:latlexent.lex53797.1
viduo,urn:cite:perseus:latlexent.lex53803.1
viduus,urn:cite:perseus:latlexent.lex53804.1
vilicus,urn:cite:perseus:latlexent.lex53842.1
vinco,urn:cite:perseus:latlexent.lex53883.1
vinculo,urn:cite:perseus:latlexent.lex53890.1
vinculum,urn:cite:perseus:latlexent.lex53891.1
violentia,urn:cite:perseus:latlexent.lex53939.1
vir,urn:cite:perseus:latlexent.lex53948.1
vira,urn:cite:perseus:latlexent.lex53949.1
virgo,urn:cite:perseus:latlexent.lex53974.1
virtus,urn:cite:perseus:latlexent.lex54012.1
virus,urn:cite:perseus:latlexent.lex54016.1
vis,urn:cite:perseus:latlexent.lex54017.1
viso,urn:cite:perseus:latlexent.lex54043.1
vita,urn:cite:perseus:latlexent.lex54052.1
vito,urn:cite:perseus:latlexent.lex54091.1
vivo,urn:cite:perseus:latlexent.lex54134.1
vix,urn:cite:perseus:latlexent.lex54136.1
volvo,urn:cite:perseus:latlexent.lex54244.1
votum,urn:cite:perseus:latlexent.lex54282.1
voveo,urn:cite:perseus:latlexent.lex54284.1
vulgaris,urn:cite:perseus:latlexent.lex54286.1
vulgo,urn:cite:perseus:latlexent.lex54296.1
