Urn,String
urn:cite:hclat:tokens.a,a
urn:cite:hclat:tokens.ab,ab
urn:cite:hclat:tokens.abiremus,abiremus
urn:cite:hclat:tokens.abnepos,abnepos
urn:cite:hclat:tokens.absolvi,absolvi
urn:cite:hclat:tokens.accensi,accensi
urn:cite:hclat:tokens.accensu,accensu
urn:cite:hclat:tokens.accensus,accensus
urn:cite:hclat:tokens.accessi,accessi
urn:cite:hclat:tokens.actu,actu
urn:cite:hclat:tokens.ad,ad
urn:cite:hclat:tokens.adampliato,adampliato
urn:cite:hclat:tokens.adiutori,adiutori
urn:cite:hclat:tokens.adlecto,adlecto
urn:cite:hclat:tokens.adnepos,adnepos
urn:cite:hclat:tokens.advocationis,advocationis
urn:cite:hclat:tokens.advocato,advocato
urn:cite:hclat:tokens.aedem,aedem
urn:cite:hclat:tokens.aedili,aedili
urn:cite:hclat:tokens.aedilis,aedilis
urn:cite:hclat:tokens.aedium,aedium
urn:cite:hclat:tokens.aer,aer
urn:cite:hclat:tokens.aetatis,aetatis
urn:cite:hclat:tokens.agro,agro
urn:cite:hclat:tokens.alimentorum,alimentorum
urn:cite:hclat:tokens.altari,altari
urn:cite:hclat:tokens.alti,alti
urn:cite:hclat:tokens.aluei,aluei
urn:cite:hclat:tokens.alumnus,alumnus
urn:cite:hclat:tokens.amantissimo,amantissimo
urn:cite:hclat:tokens.ampliatus,ampliatus
urn:cite:hclat:tokens.an,an
urn:cite:hclat:tokens.anathema,anathema
urn:cite:hclat:tokens.anathematis,anathematis
urn:cite:hclat:tokens.ane,ane
urn:cite:hclat:tokens.angeli,angeli
urn:cite:hclat:tokens.angelicam,angelicam
urn:cite:hclat:tokens.angelorum,angelorum
urn:cite:hclat:tokens.animam,animam
urn:cite:hclat:tokens.animi,animi
urn:cite:hclat:tokens.ann,ann
urn:cite:hclat:tokens.annis,annis
urn:cite:hclat:tokens.anno,anno
urn:cite:hclat:tokens.annor,annor
urn:cite:hclat:tokens.annorum,annorum
urn:cite:hclat:tokens.annos,annos
urn:cite:hclat:tokens.annum,annum
urn:cite:hclat:tokens.ano,ano
urn:cite:hclat:tokens.antho,antho
urn:cite:hclat:tokens.antium,antium
urn:cite:hclat:tokens.aperuit,aperuit
urn:cite:hclat:tokens.arcem,arcem
urn:cite:hclat:tokens.arcum,arcum
urn:cite:hclat:tokens.argentari,argentari
urn:cite:hclat:tokens.armis,armis
urn:cite:hclat:tokens.armo,armo
urn:cite:hclat:tokens.asclepiade,asclepiade
urn:cite:hclat:tokens.au,au
urn:cite:hclat:tokens.auge,auge
urn:cite:hclat:tokens.augura,augura
urn:cite:hclat:tokens.auguri,auguri
urn:cite:hclat:tokens.augusta,augusta
urn:cite:hclat:tokens.augusti,augusti
urn:cite:hclat:tokens.augusto,augusto
urn:cite:hclat:tokens.augustorum,augustorum
urn:cite:hclat:tokens.augustus,augustus
urn:cite:hclat:tokens.aviti,aviti
urn:cite:hclat:tokens.avito,avito
urn:cite:hclat:tokens.basilia,basilia
urn:cite:hclat:tokens.bellam,bellam
urn:cite:hclat:tokens.bene,bene
urn:cite:hclat:tokens.beneficio,beneficio
urn:cite:hclat:tokens.bio,bio
urn:cite:hclat:tokens.bis,bis
urn:cite:hclat:tokens.boari,boari
urn:cite:hclat:tokens.bolo,bolo
urn:cite:hclat:tokens.caesus,caesus
urn:cite:hclat:tokens.canibus,canibus
urn:cite:hclat:tokens.caput,caput
urn:cite:hclat:tokens.cardinalium,cardinalium
urn:cite:hclat:tokens.care,care
urn:cite:hclat:tokens.carissimis,carissimis
urn:cite:hclat:tokens.carissimo,carissimo
urn:cite:hclat:tokens.cassiae,cassiae
urn:cite:hclat:tokens.cassiam,cassiam
urn:cite:hclat:tokens.castra,castra
urn:cite:hclat:tokens.castrensi,castrensi
urn:cite:hclat:tokens.castrorum,castrorum
urn:cite:hclat:tokens.celso,celso
urn:cite:hclat:tokens.centurias,centurias
urn:cite:hclat:tokens.cerdonis,cerdonis
urn:cite:hclat:tokens.ceterorumque,ceterorumque
urn:cite:hclat:tokens.charis,charis
urn:cite:hclat:tokens.cin,cin
urn:cite:hclat:tokens.circaea,circaea
urn:cite:hclat:tokens.civi,civi
urn:cite:hclat:tokens.civili,civili
urn:cite:hclat:tokens.civilius,civilius
urn:cite:hclat:tokens.civitati,civitati
urn:cite:hclat:tokens.clarissimi,clarissimi
urn:cite:hclat:tokens.clarissimis,clarissimis
urn:cite:hclat:tokens.clarissimo,clarissimo
urn:cite:hclat:tokens.clarissimus,clarissimus
urn:cite:hclat:tokens.classi,classi
urn:cite:hclat:tokens.claudi,claudi
urn:cite:hclat:tokens.claudius,claudius
urn:cite:hclat:tokens.clemens,clemens
urn:cite:hclat:tokens.clementi,clementi
urn:cite:hclat:tokens.clerico,clerico
urn:cite:hclat:tokens.cloacarum,cloacarum
urn:cite:hclat:tokens.coelestia,coelestia
urn:cite:hclat:tokens.cognosce,cognosce
urn:cite:hclat:tokens.cohorti,cohorti
urn:cite:hclat:tokens.collegium,collegium
urn:cite:hclat:tokens.coloniae,coloniae
urn:cite:hclat:tokens.coloniai,coloniai
urn:cite:hclat:tokens.coluit,coluit
urn:cite:hclat:tokens.comitia,comitia
urn:cite:hclat:tokens.commodi,commodi
urn:cite:hclat:tokens.communiri,communiri
urn:cite:hclat:tokens.compara,compara
urn:cite:hclat:tokens.concordiae,concordiae
urn:cite:hclat:tokens.concubinae,concubinae
urn:cite:hclat:tokens.cones,cones
urn:cite:hclat:tokens.coniugi,coniugi
urn:cite:hclat:tokens.coniunx,coniunx
urn:cite:hclat:tokens.conlapsam,conlapsam
urn:cite:hclat:tokens.consecravit,consecravit
urn:cite:hclat:tokens.conspiciendum,conspiciendum
urn:cite:hclat:tokens.consul,consul
urn:cite:hclat:tokens.consuli,consuli
urn:cite:hclat:tokens.consulibus,consulibus
urn:cite:hclat:tokens.consulto,consulto
urn:cite:hclat:tokens.consumptum,consumptum
urn:cite:hclat:tokens.contingat,contingat
urn:cite:hclat:tokens.contra,contra
urn:cite:hclat:tokens.contubernali,contubernali
urn:cite:hclat:tokens.corpus,corpus
urn:cite:hclat:tokens.corrigendum,corrigendum
urn:cite:hclat:tokens.corruptum,corruptum
urn:cite:hclat:tokens.crassi,crassi
urn:cite:hclat:tokens.crescens,crescens
urn:cite:hclat:tokens.cruci,cruci
urn:cite:hclat:tokens.crustulum,crustulum
urn:cite:hclat:tokens.cryptam,cryptam
urn:cite:hclat:tokens.cubitum,cubitum
urn:cite:hclat:tokens.cui,cui
urn:cite:hclat:tokens.cuius,cuius
urn:cite:hclat:tokens.cultellus,cultellus
urn:cite:hclat:tokens.cur,cur
urn:cite:hclat:tokens.curam,curam
urn:cite:hclat:tokens.curante,curante
urn:cite:hclat:tokens.curat,curat
urn:cite:hclat:tokens.curator,curator
urn:cite:hclat:tokens.curatori,curatori
urn:cite:hclat:tokens.curatoris,curatoris
urn:cite:hclat:tokens.dare,dare
urn:cite:hclat:tokens.dato,dato
urn:cite:hclat:tokens.datur,datur
urn:cite:hclat:tokens.de,de
urn:cite:hclat:tokens.dece,dece
urn:cite:hclat:tokens.decessit,decessit
urn:cite:hclat:tokens.decreto,decreto
urn:cite:hclat:tokens.decuriones,decuriones
urn:cite:hclat:tokens.decurionibus,decurionibus
urn:cite:hclat:tokens.decurionum,decurionum
urn:cite:hclat:tokens.dederunt,dederunt
urn:cite:hclat:tokens.dedicata,dedicata
urn:cite:hclat:tokens.dedicaverunt,dedicaverunt
urn:cite:hclat:tokens.dedicavit,dedicavit
urn:cite:hclat:tokens.dedit,dedit
urn:cite:hclat:tokens.dei,dei
urn:cite:hclat:tokens.delegatu,delegatu
urn:cite:hclat:tokens.des,des
urn:cite:hclat:tokens.designatus,designatus
urn:cite:hclat:tokens.det,det
urn:cite:hclat:tokens.detur,detur
urn:cite:hclat:tokens.di,di
urn:cite:hclat:tokens.diadumeno,diadumeno
urn:cite:hclat:tokens.dicavit,dicavit
urn:cite:hclat:tokens.dicundo,dicundo
urn:cite:hclat:tokens.die,die
urn:cite:hclat:tokens.diebus,diebus
urn:cite:hclat:tokens.dimittere,dimittere
urn:cite:hclat:tokens.dis,dis
urn:cite:hclat:tokens.divae,divae
urn:cite:hclat:tokens.divi,divi
urn:cite:hclat:tokens.divinitatis,divinitatis
urn:cite:hclat:tokens.divo,divo
urn:cite:hclat:tokens.domi,domi
urn:cite:hclat:tokens.domino,domino
urn:cite:hclat:tokens.domus,domus
urn:cite:hclat:tokens.dono,dono
urn:cite:hclat:tokens.donum,donum
urn:cite:hclat:tokens.duo,duo
urn:cite:hclat:tokens.duorum,duorum
urn:cite:hclat:tokens.duri,duri
urn:cite:hclat:tokens.e,e
urn:cite:hclat:tokens.ea,ea
urn:cite:hclat:tokens.eademque,eademque
urn:cite:hclat:tokens.edis,edis
urn:cite:hclat:tokens.ei,ei
urn:cite:hclat:tokens.eidemque,eidemque
urn:cite:hclat:tokens.eius,eius
urn:cite:hclat:tokens.eiusdem,eiusdem
urn:cite:hclat:tokens.elato,elato
urn:cite:hclat:tokens.electo,electo
urn:cite:hclat:tokens.em,em
urn:cite:hclat:tokens.en,en
urn:cite:hclat:tokens.eo,eo
urn:cite:hclat:tokens.eorum,eorum
urn:cite:hclat:tokens.equestrium,equestrium
urn:cite:hclat:tokens.equo,equo
urn:cite:hclat:tokens.erexit,erexit
urn:cite:hclat:tokens.esse,esse
urn:cite:hclat:tokens.esset,esset
urn:cite:hclat:tokens.est,est
urn:cite:hclat:tokens.et,et
urn:cite:hclat:tokens.evangelista,evangelista
urn:cite:hclat:tokens.ex,ex
urn:cite:hclat:tokens.exculto,exculto
urn:cite:hclat:tokens.exercitatione,exercitatione
urn:cite:hclat:tokens.exercitu,exercitu
urn:cite:hclat:tokens.exornato,exornato
urn:cite:hclat:tokens.expeditione,expeditione
urn:cite:hclat:tokens.expeditioni,expeditioni
urn:cite:hclat:tokens.expeditionis,expeditionis
urn:cite:hclat:tokens.expeditus,expeditus
urn:cite:hclat:tokens.expiatum,expiatum
urn:cite:hclat:tokens.exta,exta
urn:cite:hclat:tokens.fabrum,fabrum
urn:cite:hclat:tokens.fac,fac
urn:cite:hclat:tokens.faciendum,faciendum
urn:cite:hclat:tokens.faciundis,faciundis
urn:cite:hclat:tokens.faciundum,faciundum
urn:cite:hclat:tokens.factione,factione
urn:cite:hclat:tokens.factum,factum
urn:cite:hclat:tokens.fama,fama
urn:cite:hclat:tokens.familiae,familiae
urn:cite:hclat:tokens.fecerunt,fecerunt
urn:cite:hclat:tokens.fecit,fecit
urn:cite:hclat:tokens.felici,felici
urn:cite:hclat:tokens.felicis,felicis
urn:cite:hclat:tokens.felicissimo,felicissimo
urn:cite:hclat:tokens.felicissimoque,felicissimoque
urn:cite:hclat:tokens.feliciter,feliciter
urn:cite:hclat:tokens.felicius,felicius
urn:cite:hclat:tokens.felix,felix
urn:cite:hclat:tokens.femina,femina
urn:cite:hclat:tokens.feminae,feminae
urn:cite:hclat:tokens.fiat,fiat
urn:cite:hclat:tokens.fictor,fictor
urn:cite:hclat:tokens.fictoris,fictoris
urn:cite:hclat:tokens.fidelis,fidelis
urn:cite:hclat:tokens.fidem,fidem
urn:cite:hclat:tokens.fieri,fieri
urn:cite:hclat:tokens.fili,fili
urn:cite:hclat:tokens.filia,filia
urn:cite:hclat:tokens.filiae,filiae
urn:cite:hclat:tokens.filiarum,filiarum
urn:cite:hclat:tokens.filio,filio
urn:cite:hclat:tokens.filis,filis
urn:cite:hclat:tokens.filius,filius
urn:cite:hclat:tokens.fla,fla
urn:cite:hclat:tokens.flamini,flamini
urn:cite:hclat:tokens.florentia,florentia
urn:cite:hclat:tokens.for,for
urn:cite:hclat:tokens.forensi,forensi
urn:cite:hclat:tokens.forisque,forisque
urn:cite:hclat:tokens.fortiora,fortiora
urn:cite:hclat:tokens.fortissimisque,fortissimisque
urn:cite:hclat:tokens.fortissimo,fortissimo
urn:cite:hclat:tokens.fortunata,fortunata
urn:cite:hclat:tokens.fortunato,fortunato
urn:cite:hclat:tokens.forum,forum
urn:cite:hclat:tokens.frater,frater
urn:cite:hclat:tokens.fratri,fratri
urn:cite:hclat:tokens.frontonis,frontonis
urn:cite:hclat:tokens.frumento,frumento
urn:cite:hclat:tokens.frustra,frustra
urn:cite:hclat:tokens.fuerant,fuerant
urn:cite:hclat:tokens.fuerunt,fuerunt
urn:cite:hclat:tokens.fuit,fuit
urn:cite:hclat:tokens.functo,functo
urn:cite:hclat:tokens.gallae,gallae
urn:cite:hclat:tokens.gallicae,gallicae
urn:cite:hclat:tokens.geminas,geminas
urn:cite:hclat:tokens.genio,genio
urn:cite:hclat:tokens.genitrix,genitrix
urn:cite:hclat:tokens.gerentem,gerentem
urn:cite:hclat:tokens.gratis,gratis
urn:cite:hclat:tokens.gratulationis,gratulationis
urn:cite:hclat:tokens.haec,haec
urn:cite:hclat:tokens.hasce,hasce
urn:cite:hclat:tokens.heredes,heredes
urn:cite:hclat:tokens.hic,hic
urn:cite:hclat:tokens.his,his
urn:cite:hclat:tokens.hoc,hoc
urn:cite:hclat:tokens.homini,homini
urn:cite:hclat:tokens.honor,honor
urn:cite:hclat:tokens.honoris,honoris
urn:cite:hclat:tokens.horrea,horrea
urn:cite:hclat:tokens.hortensio,hortensio
urn:cite:hclat:tokens.hortorum,hortorum
urn:cite:hclat:tokens.hoste,hoste
urn:cite:hclat:tokens.huc,huc
urn:cite:hclat:tokens.huius,huius
urn:cite:hclat:tokens.humilis,humilis
urn:cite:hclat:tokens.hunc,hunc
urn:cite:hclat:tokens.i,i
urn:cite:hclat:tokens.iacet,iacet
urn:cite:hclat:tokens.iam,iam
urn:cite:hclat:tokens.idem,idem
urn:cite:hclat:tokens.ii,ii
urn:cite:hclat:tokens.iis,iis
urn:cite:hclat:tokens.ille,ille
urn:cite:hclat:tokens.imperat,imperat
urn:cite:hclat:tokens.imperator,imperator
urn:cite:hclat:tokens.imperatore,imperatore
urn:cite:hclat:tokens.imperatores,imperatores
urn:cite:hclat:tokens.imperatori,imperatori
urn:cite:hclat:tokens.imperatoris,imperatoris
urn:cite:hclat:tokens.imperiumque,imperiumque
urn:cite:hclat:tokens.impura,impura
urn:cite:hclat:tokens.in,in
urn:cite:hclat:tokens.incendio,incendio
urn:cite:hclat:tokens.indicio,indicio
urn:cite:hclat:tokens.infelicis,infelicis
urn:cite:hclat:tokens.inferiore,inferiore
urn:cite:hclat:tokens.ingenuo,ingenuo
urn:cite:hclat:tokens.inperator,inperator
urn:cite:hclat:tokens.inscriptiones,inscriptiones
urn:cite:hclat:tokens.insecuto,insecuto
urn:cite:hclat:tokens.insignem,insignem
urn:cite:hclat:tokens.insignibus,insignibus
urn:cite:hclat:tokens.instinctu,instinctu
urn:cite:hclat:tokens.insula,insula
urn:cite:hclat:tokens.inter,inter
urn:cite:hclat:tokens.intercede,intercede
urn:cite:hclat:tokens.intrassent,intrassent
urn:cite:hclat:tokens.invasor,invasor
urn:cite:hclat:tokens.invictae,invictae
urn:cite:hclat:tokens.ipse,ipse
urn:cite:hclat:tokens.ipsorum,ipsorum
urn:cite:hclat:tokens.isque,isque
urn:cite:hclat:tokens.iste,iste
urn:cite:hclat:tokens.ita,ita
urn:cite:hclat:tokens.item,item
urn:cite:hclat:tokens.iter,iter
urn:cite:hclat:tokens.iterumque,iterumque
urn:cite:hclat:tokens.iubam,iubam
urn:cite:hclat:tokens.iudici,iudici
urn:cite:hclat:tokens.iudicis,iudicis
urn:cite:hclat:tokens.iure,iure
urn:cite:hclat:tokens.iuris,iuris
urn:cite:hclat:tokens.iussit,iussit
urn:cite:hclat:tokens.iussu,iussu
urn:cite:hclat:tokens.iustis,iustis
urn:cite:hclat:tokens.iustius,iustius
urn:cite:hclat:tokens.iusto,iusto
urn:cite:hclat:tokens.ivi,ivi
urn:cite:hclat:tokens.kalendis,kalendis
urn:cite:hclat:tokens.laico,laico
urn:cite:hclat:tokens.lati,lati
urn:cite:hclat:tokens.lavacrum,lavacrum
urn:cite:hclat:tokens.lavin,lavin
urn:cite:hclat:tokens.legat,legat
urn:cite:hclat:tokens.legato,legato
urn:cite:hclat:tokens.legatum,legatum
urn:cite:hclat:tokens.legatus,legatus
urn:cite:hclat:tokens.legin,legin
urn:cite:hclat:tokens.legis,legis
urn:cite:hclat:tokens.leone,leone
urn:cite:hclat:tokens.liber,liber
urn:cite:hclat:tokens.libertatem,libertatem
urn:cite:hclat:tokens.liberti,liberti
urn:cite:hclat:tokens.libertis,libertis
urn:cite:hclat:tokens.ligamus,ligamus
urn:cite:hclat:tokens.lignariorum,lignariorum
urn:cite:hclat:tokens.ligni,ligni
urn:cite:hclat:tokens.liguriam,liguriam
urn:cite:hclat:tokens.litavit,litavit
urn:cite:hclat:tokens.locar,locar
urn:cite:hclat:tokens.locis,locis
urn:cite:hclat:tokens.loco,loco
urn:cite:hclat:tokens.locorumque,locorumque
urn:cite:hclat:tokens.locum,locum
urn:cite:hclat:tokens.locus,locus
urn:cite:hclat:tokens.luci,luci
urn:cite:hclat:tokens.lucie,lucie
urn:cite:hclat:tokens.lucii,lucii
urn:cite:hclat:tokens.lucio,lucio
urn:cite:hclat:tokens.lucius,lucius
urn:cite:hclat:tokens.magis,magis
urn:cite:hclat:tokens.magistratu,magistratu
urn:cite:hclat:tokens.magnitudine,magnitudine
urn:cite:hclat:tokens.maiestatique,maiestatique
urn:cite:hclat:tokens.male,male
urn:cite:hclat:tokens.maledicimus,maledicimus
urn:cite:hclat:tokens.maledictioni,maledictioni
urn:cite:hclat:tokens.mamma,mamma
urn:cite:hclat:tokens.mandaverat,mandaverat
urn:cite:hclat:tokens.mandavit,mandavit
urn:cite:hclat:tokens.manibus,manibus
urn:cite:hclat:tokens.manus,manus
urn:cite:hclat:tokens.marci,marci
urn:cite:hclat:tokens.marco,marco
urn:cite:hclat:tokens.marcus,marcus
urn:cite:hclat:tokens.martyrium,martyrium
urn:cite:hclat:tokens.marum,marum
urn:cite:hclat:tokens.mater,mater
urn:cite:hclat:tokens.matri,matri
urn:cite:hclat:tokens.maximae,maximae
urn:cite:hclat:tokens.maximi,maximi
urn:cite:hclat:tokens.maximo,maximo
urn:cite:hclat:tokens.maximus,maximus
urn:cite:hclat:tokens.meae,meae
urn:cite:hclat:tokens.medices,medices
urn:cite:hclat:tokens.meis,meis
urn:cite:hclat:tokens.meliora,meliora
urn:cite:hclat:tokens.meliori,meliori
urn:cite:hclat:tokens.membra,membra
urn:cite:hclat:tokens.memoria,memoria
urn:cite:hclat:tokens.mens,mens
urn:cite:hclat:tokens.menses,menses
urn:cite:hclat:tokens.mentis,mentis
urn:cite:hclat:tokens.meren,meren
urn:cite:hclat:tokens.merenti,merenti
urn:cite:hclat:tokens.merita,merita
urn:cite:hclat:tokens.meritum,meritum
urn:cite:hclat:tokens.metenti,metenti
urn:cite:hclat:tokens.mi,mi
urn:cite:hclat:tokens.miae,miae
urn:cite:hclat:tokens.miles,miles
urn:cite:hclat:tokens.militum,militum
urn:cite:hclat:tokens.miniae,miniae
urn:cite:hclat:tokens.miscuit,miscuit
urn:cite:hclat:tokens.moderatione,moderatione
urn:cite:hclat:tokens.modi,modi
urn:cite:hclat:tokens.mon,mon
urn:cite:hclat:tokens.monachos,monachos
urn:cite:hclat:tokens.motu,motu
urn:cite:hclat:tokens.mula,mula
urn:cite:hclat:tokens.mulsum,mulsum
urn:cite:hclat:tokens.multa,multa
urn:cite:hclat:tokens.mun,mun
urn:cite:hclat:tokens.muneribus,muneribus
urn:cite:hclat:tokens.municipi,municipi
urn:cite:hclat:tokens.municipio,municipio
urn:cite:hclat:tokens.munimenta,munimenta
urn:cite:hclat:tokens.munimentis,munimentis
urn:cite:hclat:tokens.mysteria,mysteria
urn:cite:hclat:tokens.mystis,mystis
urn:cite:hclat:tokens.nae,nae
urn:cite:hclat:tokens.nam,nam
urn:cite:hclat:tokens.natali,natali
urn:cite:hclat:tokens.navi,navi
urn:cite:hclat:tokens.navicula,navicula
urn:cite:hclat:tokens.ne,ne
urn:cite:hclat:tokens.near,near
urn:cite:hclat:tokens.negotiantes,negotiantes
urn:cite:hclat:tokens.nepos,nepos
urn:cite:hclat:tokens.nepoti,nepoti
urn:cite:hclat:tokens.no,no
urn:cite:hclat:tokens.nobilissimus,nobilissimus
urn:cite:hclat:tokens.nobis,nobis
urn:cite:hclat:tokens.nomine,nomine
urn:cite:hclat:tokens.nona,nona
urn:cite:hclat:tokens.noni,noni
urn:cite:hclat:tokens.nono,nono
urn:cite:hclat:tokens.nonus,nonus
urn:cite:hclat:tokens.nostro,nostro
urn:cite:hclat:tokens.numini,numini
urn:cite:hclat:tokens.o,o
urn:cite:hclat:tokens.ob,ob
urn:cite:hclat:tokens.obeliscum,obeliscum
urn:cite:hclat:tokens.oblationibus,oblationibus
urn:cite:hclat:tokens.obscurioribus,obscurioribus
urn:cite:hclat:tokens.obtulit,obtulit
urn:cite:hclat:tokens.olet,olet
urn:cite:hclat:tokens.omni,omni
urn:cite:hclat:tokens.omnibus,omnibus
urn:cite:hclat:tokens.operis,operis
urn:cite:hclat:tokens.opo,opo
urn:cite:hclat:tokens.optato,optato
urn:cite:hclat:tokens.optimae,optimae
urn:cite:hclat:tokens.optimis,optimis
urn:cite:hclat:tokens.optimo,optimo
urn:cite:hclat:tokens.optimus,optimus
urn:cite:hclat:tokens.opus,opus
urn:cite:hclat:tokens.ordin,ordin
urn:cite:hclat:tokens.ordinario,ordinario
urn:cite:hclat:tokens.ordini,ordini
urn:cite:hclat:tokens.ordo,ordo
urn:cite:hclat:tokens.ores,ores
urn:cite:hclat:tokens.orientali,orientali
urn:cite:hclat:tokens.ornato,ornato
urn:cite:hclat:tokens.ovem,ovem
urn:cite:hclat:tokens.ovis,ovis
urn:cite:hclat:tokens.pacis,pacis
urn:cite:hclat:tokens.par,par
urn:cite:hclat:tokens.parentem,parentem
urn:cite:hclat:tokens.parentes,parentes
urn:cite:hclat:tokens.parte,parte
urn:cite:hclat:tokens.parthenio,parthenio
urn:cite:hclat:tokens.pater,pater
urn:cite:hclat:tokens.patern,patern
urn:cite:hclat:tokens.patre,patre
urn:cite:hclat:tokens.patri,patri
urn:cite:hclat:tokens.patriae,patriae
urn:cite:hclat:tokens.patris,patris
urn:cite:hclat:tokens.patro,patro
urn:cite:hclat:tokens.patron,patron
urn:cite:hclat:tokens.patroni,patroni
urn:cite:hclat:tokens.patrono,patrono
urn:cite:hclat:tokens.patronus,patronus
urn:cite:hclat:tokens.per,per
urn:cite:hclat:tokens.perculerat,perculerat
urn:cite:hclat:tokens.peregrinis,peregrinis
urn:cite:hclat:tokens.perpetuom,perpetuom
urn:cite:hclat:tokens.pertinaci,pertinaci
urn:cite:hclat:tokens.pertinacis,pertinacis
urn:cite:hclat:tokens.pertinax,pertinax
urn:cite:hclat:tokens.peteret,peteret
urn:cite:hclat:tokens.petronio,petronio
urn:cite:hclat:tokens.piae,piae
urn:cite:hclat:tokens.pice,pice
urn:cite:hclat:tokens.pietas,pietas
urn:cite:hclat:tokens.pietatis,pietatis
urn:cite:hclat:tokens.pii,pii
urn:cite:hclat:tokens.piissimae,piissimae
urn:cite:hclat:tokens.piissimo,piissimo
urn:cite:hclat:tokens.pio,pio
urn:cite:hclat:tokens.pius,pius
urn:cite:hclat:tokens.plotius,plotius
urn:cite:hclat:tokens.poena,poena
urn:cite:hclat:tokens.ponendam,ponendam
urn:cite:hclat:tokens.ponentem,ponentem
urn:cite:hclat:tokens.ponti,ponti
urn:cite:hclat:tokens.pontifex,pontifex
urn:cite:hclat:tokens.pontifici,pontifici
urn:cite:hclat:tokens.populi,populi
urn:cite:hclat:tokens.populorum,populorum
urn:cite:hclat:tokens.populus,populus
urn:cite:hclat:tokens.populusque,populusque
urn:cite:hclat:tokens.portam,portam
urn:cite:hclat:tokens.porticus,porticus
urn:cite:hclat:tokens.positae,positae
urn:cite:hclat:tokens.post,post
urn:cite:hclat:tokens.posteris,posteris
urn:cite:hclat:tokens.posterisque,posterisque
urn:cite:hclat:tokens.postumius,postumius
urn:cite:hclat:tokens.posuit,posuit
urn:cite:hclat:tokens.potes,potes
urn:cite:hclat:tokens.potest,potest
urn:cite:hclat:tokens.potestas,potestas
urn:cite:hclat:tokens.potestate,potestate
urn:cite:hclat:tokens.potestatem,potestatem
urn:cite:hclat:tokens.potestati,potestati
urn:cite:hclat:tokens.potis,potis
urn:cite:hclat:tokens.potius,potius
urn:cite:hclat:tokens.praecipuo,praecipuo
urn:cite:hclat:tokens.praefecto,praefecto
urn:cite:hclat:tokens.praefectus,praefectus
urn:cite:hclat:tokens.praei,praei
urn:cite:hclat:tokens.praemia,praemia
urn:cite:hclat:tokens.praeposito,praeposito
urn:cite:hclat:tokens.praete,praete
urn:cite:hclat:tokens.praetextatae,praetextatae
urn:cite:hclat:tokens.praetore,praetore
urn:cite:hclat:tokens.praetori,praetori
urn:cite:hclat:tokens.praetorio,praetorio
urn:cite:hclat:tokens.prima,prima
urn:cite:hclat:tokens.primae,primae
urn:cite:hclat:tokens.primigeniae,primigeniae
urn:cite:hclat:tokens.primitiva,primitiva
urn:cite:hclat:tokens.primo,primo
urn:cite:hclat:tokens.primus,primus
urn:cite:hclat:tokens.principi,principi
urn:cite:hclat:tokens.principibus,principibus
urn:cite:hclat:tokens.principis,principis
urn:cite:hclat:tokens.principum,principum
urn:cite:hclat:tokens.priscae,priscae
urn:cite:hclat:tokens.privata,privata
urn:cite:hclat:tokens.privatos,privatos
urn:cite:hclat:tokens.pro,pro
urn:cite:hclat:tokens.probarunt,probarunt
urn:cite:hclat:tokens.probo,probo
urn:cite:hclat:tokens.proconsul,proconsul
urn:cite:hclat:tokens.proconsuli,proconsuli
urn:cite:hclat:tokens.procos,procos
urn:cite:hclat:tokens.procurator,procurator
urn:cite:hclat:tokens.procuratori,procuratori
urn:cite:hclat:tokens.prodere,prodere
urn:cite:hclat:tokens.profanis,profanis
urn:cite:hclat:tokens.promeruit,promeruit
urn:cite:hclat:tokens.promoto,promoto
urn:cite:hclat:tokens.pron,pron
urn:cite:hclat:tokens.pronepos,pronepos
urn:cite:hclat:tokens.propagatum,propagatum
urn:cite:hclat:tokens.propugnaculis,propugnaculis
urn:cite:hclat:tokens.provincia,provincia
urn:cite:hclat:tokens.provinciae,provinciae
urn:cite:hclat:tokens.prudentiae,prudentiae
urn:cite:hclat:tokens.publicam,publicam
urn:cite:hclat:tokens.publicarum,publicarum
urn:cite:hclat:tokens.publici,publici
urn:cite:hclat:tokens.publico,publico
urn:cite:hclat:tokens.publicorum,publicorum
urn:cite:hclat:tokens.quae,quae
urn:cite:hclat:tokens.quaestori,quaestori
urn:cite:hclat:tokens.quam,quam
urn:cite:hclat:tokens.qui,qui
urn:cite:hclat:tokens.quicumque,quicumque
urn:cite:hclat:tokens.quinctius,quinctius
urn:cite:hclat:tokens.quinquennali,quinquennali
urn:cite:hclat:tokens.quinquennalis,quinquennalis
urn:cite:hclat:tokens.quinti,quinti
urn:cite:hclat:tokens.quinto,quinto
urn:cite:hclat:tokens.quis,quis
urn:cite:hclat:tokens.quo,quo
urn:cite:hclat:tokens.quod,quod
urn:cite:hclat:tokens.quos,quos
urn:cite:hclat:tokens.quot,quot
urn:cite:hclat:tokens.rabidis,rabidis
urn:cite:hclat:tokens.raptor,raptor
urn:cite:hclat:tokens.rapuit,rapuit
urn:cite:hclat:tokens.rarissimae,rarissimae
urn:cite:hclat:tokens.rasin,rasin
urn:cite:hclat:tokens.ravenn,ravenn
urn:cite:hclat:tokens.ravi,ravi
urn:cite:hclat:tokens.re,re
urn:cite:hclat:tokens.rector,rector
urn:cite:hclat:tokens.redacta,redacta
urn:cite:hclat:tokens.reddit,reddit
urn:cite:hclat:tokens.redemptionis,redemptionis
urn:cite:hclat:tokens.refecit,refecit
urn:cite:hclat:tokens.rege,rege
urn:cite:hclat:tokens.regionis,regionis
urn:cite:hclat:tokens.regni,regni
urn:cite:hclat:tokens.rei,rei
urn:cite:hclat:tokens.reliquo,reliquo
urn:cite:hclat:tokens.rem,rem
urn:cite:hclat:tokens.res,res
urn:cite:hclat:tokens.restituerunt,restituerunt
urn:cite:hclat:tokens.restituit,restituit
urn:cite:hclat:tokens.restituta,restituta
urn:cite:hclat:tokens.restitutam,restitutam
urn:cite:hclat:tokens.rexit,rexit
urn:cite:hclat:tokens.ro,ro
urn:cite:hclat:tokens.rubeis,rubeis
urn:cite:hclat:tokens.rufae,rufae
urn:cite:hclat:tokens.rufus,rufus
urn:cite:hclat:tokens.ruinas,ruinas
urn:cite:hclat:tokens.rum,rum
urn:cite:hclat:tokens.sacerdos,sacerdos
urn:cite:hclat:tokens.sacramenta,sacramenta
urn:cite:hclat:tokens.sacrarum,sacrarum
urn:cite:hclat:tokens.sacri,sacri
urn:cite:hclat:tokens.sacris,sacris
urn:cite:hclat:tokens.sacrum,sacrum
urn:cite:hclat:tokens.salio,salio
urn:cite:hclat:tokens.saluti,saluti
urn:cite:hclat:tokens.salutis,salutis
urn:cite:hclat:tokens.sana,sana
urn:cite:hclat:tokens.sanctum,sanctum
urn:cite:hclat:tokens.saxis,saxis
urn:cite:hclat:tokens.scarum,scarum
urn:cite:hclat:tokens.sci,sci
urn:cite:hclat:tokens.secunda,secunda
urn:cite:hclat:tokens.secundae,secundae
urn:cite:hclat:tokens.secundo,secundo
urn:cite:hclat:tokens.secundus,secundus
urn:cite:hclat:tokens.semper,semper
urn:cite:hclat:tokens.senatus,senatus
urn:cite:hclat:tokens.senior,senior
urn:cite:hclat:tokens.septe,septe
urn:cite:hclat:tokens.septi,septi
urn:cite:hclat:tokens.septimi,septimi
urn:cite:hclat:tokens.septimius,septimius
urn:cite:hclat:tokens.serapione,serapione
urn:cite:hclat:tokens.serit,serit
urn:cite:hclat:tokens.servius,servius
urn:cite:hclat:tokens.severa,severa
urn:cite:hclat:tokens.severae,severae
urn:cite:hclat:tokens.severi,severi
urn:cite:hclat:tokens.severo,severo
urn:cite:hclat:tokens.severus,severus
urn:cite:hclat:tokens.sevir,sevir
urn:cite:hclat:tokens.sex,sex
urn:cite:hclat:tokens.sibi,sibi
urn:cite:hclat:tokens.sicuti,sicuti
urn:cite:hclat:tokens.siluri,siluri
urn:cite:hclat:tokens.sima,sima
urn:cite:hclat:tokens.simae,simae
urn:cite:hclat:tokens.sine,sine
urn:cite:hclat:tokens.sit,sit
urn:cite:hclat:tokens.sita,sita
urn:cite:hclat:tokens.sitae,sitae
urn:cite:hclat:tokens.situ,situ
urn:cite:hclat:tokens.sodali,sodali
urn:cite:hclat:tokens.sol,sol
urn:cite:hclat:tokens.sophiae,sophiae
urn:cite:hclat:tokens.spectacula,spectacula
urn:cite:hclat:tokens.splendidis,splendidis
urn:cite:hclat:tokens.stator,stator
urn:cite:hclat:tokens.statuam,statuam
urn:cite:hclat:tokens.statuis,statuis
urn:cite:hclat:tokens.statum,statum
urn:cite:hclat:tokens.stephanum,stephanum
urn:cite:hclat:tokens.struendum,struendum
urn:cite:hclat:tokens.sua,sua
urn:cite:hclat:tokens.suae,suae
urn:cite:hclat:tokens.subiaceat,subiaceat
urn:cite:hclat:tokens.subtraxerit,subtraxerit
urn:cite:hclat:tokens.successoribus,successoribus
urn:cite:hclat:tokens.suis,suis
urn:cite:hclat:tokens.sunt,sunt
urn:cite:hclat:tokens.suo,suo
urn:cite:hclat:tokens.superstitione,superstitione
urn:cite:hclat:tokens.supra,supra
urn:cite:hclat:tokens.sustinens,sustinens
urn:cite:hclat:tokens.syntropho,syntropho
urn:cite:hclat:tokens.tabulis,tabulis
urn:cite:hclat:tokens.tam,tam
urn:cite:hclat:tokens.tamen,tamen
urn:cite:hclat:tokens.tanti,tanti
urn:cite:hclat:tokens.tat,tat
urn:cite:hclat:tokens.te,te
urn:cite:hclat:tokens.tectum,tectum
urn:cite:hclat:tokens.templum,templum
urn:cite:hclat:tokens.tempore,tempore
urn:cite:hclat:tokens.teneatur,teneatur
urn:cite:hclat:tokens.ter,ter
urn:cite:hclat:tokens.terra,terra
urn:cite:hclat:tokens.terrae,terrae
urn:cite:hclat:tokens.tertium,tertium
urn:cite:hclat:tokens.tertius,tertius
urn:cite:hclat:tokens.test,test
urn:cite:hclat:tokens.testamento,testamento
urn:cite:hclat:tokens.theatrum,theatrum
urn:cite:hclat:tokens.thecae,thecae
urn:cite:hclat:tokens.thermarum,thermarum
urn:cite:hclat:tokens.titulo,titulo
urn:cite:hclat:tokens.titulos,titulos
urn:cite:hclat:tokens.tradant,tradant
urn:cite:hclat:tokens.trai,trai
urn:cite:hclat:tokens.transtulit,transtulit
urn:cite:hclat:tokens.tribunicia,tribunicia
urn:cite:hclat:tokens.tribuniciae,tribuniciae
urn:cite:hclat:tokens.tribuno,tribuno
urn:cite:hclat:tokens.tribunus,tribunus
urn:cite:hclat:tokens.tricenum,tricenum
urn:cite:hclat:tokens.tridui,tridui
urn:cite:hclat:tokens.triumphis,triumphis
urn:cite:hclat:tokens.tropaeum,tropaeum
urn:cite:hclat:tokens.tu,tu
urn:cite:hclat:tokens.tulerat,tulerat
urn:cite:hclat:tokens.tuo,tuo
urn:cite:hclat:tokens.tyranno,tyranno
urn:cite:hclat:tokens.ultus,ultus
urn:cite:hclat:tokens.uno,uno
urn:cite:hclat:tokens.urbanae,urbanae
urn:cite:hclat:tokens.urbanus,urbanus
urn:cite:hclat:tokens.urbi,urbi
urn:cite:hclat:tokens.urbis,urbis
urn:cite:hclat:tokens.ut,ut
urn:cite:hclat:tokens.uti,uti
urn:cite:hclat:tokens.uxor,uxor
urn:cite:hclat:tokens.uxori,uxori
urn:cite:hclat:tokens.valenti,valenti
urn:cite:hclat:tokens.valeriae,valeriae
urn:cite:hclat:tokens.valgus,valgus
urn:cite:hclat:tokens.vallis,vallis
urn:cite:hclat:tokens.varus,varus
urn:cite:hclat:tokens.vehes,vehes
urn:cite:hclat:tokens.venustus,venustus
urn:cite:hclat:tokens.veri,veri
urn:cite:hclat:tokens.vero,vero
urn:cite:hclat:tokens.versato,versato
urn:cite:hclat:tokens.vetus,vetus
urn:cite:hclat:tokens.vexillaris,vexillaris
urn:cite:hclat:tokens.vi,vi
urn:cite:hclat:tokens.viae,viae
urn:cite:hclat:tokens.viarum,viarum
urn:cite:hclat:tokens.victori,victori
urn:cite:hclat:tokens.vidua,vidua
urn:cite:hclat:tokens.viduae,viduae
urn:cite:hclat:tokens.vilicus,vilicus
urn:cite:hclat:tokens.vincet,vincet
urn:cite:hclat:tokens.vinculo,vinculo
urn:cite:hclat:tokens.violentiam,violentiam
urn:cite:hclat:tokens.vir,vir
urn:cite:hclat:tokens.virgo,virgo
urn:cite:hclat:tokens.viri,viri
urn:cite:hclat:tokens.viris,viris
urn:cite:hclat:tokens.viro,viro
urn:cite:hclat:tokens.virtute,virtute
urn:cite:hclat:tokens.virtutibus,virtutibus
urn:cite:hclat:tokens.visit,visit
urn:cite:hclat:tokens.vita,vita
urn:cite:hclat:tokens.vix,vix
urn:cite:hclat:tokens.vixit,vixit
urn:cite:hclat:tokens.volvit,volvit
urn:cite:hclat:tokens.voti,voti
urn:cite:hclat:tokens.vulgare,vulgare
