Image Reference,Object Reference
IMG_0821,obj1
IMG_2314,obj2
IMG_2496,obj3
IMG_2501,obj4
IMG_2717,obj5
IMG_2719,obj6
IMG_2721,obj7
IMG_2723,obj8
IMG_2725,obj9
IMG_2727,obj10
IMG_4579,obj11
IMG_4580,obj11
IMG_4596,obj12
IMG_4611,obj13
IMG_4630,obj14
IMG_4785,obj15
IMG_4789,obj16
IMG_4792,obj17
IMG_4798,obj18
IMG_5073,obj19
IMG_5211,obj20
IMG_5212,obj21
IMG_5213,obj22
IMG_5214,obj23
IMG_5215,obj24
IMG_5216,obj25
IMG_5217,obj26
IMG_5218,obj27
IMG_5219,obj28
IMG_5220,obj29
IMG_5221,obj30
IMG_5232,obj31
IMG_5239,obj32
IMG_5304,obj33
IMG_5305,obj34
IMG_5309,obj35
IMG_5311,obj36
IMG_5312,obj37
IMG_5314,obj38
IMG_5359,obj39
IMG_5471,obj40
IMG_5759,obj41
IMG_5784,obj42
IMG_5785,obj43
IMG_5787,obj44
IMG_5794,obj45
IMG_5795,obj46
IMG_5796,obj47
IMG_5798,obj48
IMG_5803,obj49
IMG_5831,obj50
IMG_6398,obj51
IMG_6416,obj52
IMG_6516,obj53
IMG_6597,obj54
IMG_6717,obj55
IMG_6720,obj56
IMG_6723,obj57
IMG_6724,obj58
IMG_6725,obj59
IMG_7002,obj60
IMG_7006,obj61
IMG_7033,obj62
IMG_7042,obj63
IMG_7095,obj64
IMG_7113,obj65
IMG_7117,obj66
IMG_7119,obj67
IMG_7120,obj68
IMG_7121,obj69
IMG_7122,obj70
IMG_7123,obj71
IMG_7124,obj72
IMG_7125,obj73
IMG_7126,obj74
IMG_7127,obj75
IMG_7128,obj76
IMG_7129,obj77
IMG_7130,obj78
IMG_7131,obj79
IMG_7132,obj80
IMG_7133,obj81
IMG_7253,obj53
IMG_7635,obj82
IMG_7636,obj83
IMG_7638,obj84
IMG_7639,obj85
IMG_7640,obj86
IMG_7641,obj87
IMG_7642,obj88
IMG_7643,obj83
IMG_7645,obj89
IMG_7935,obj90
IMG_7992,obj91
IMG_7993,obj92
IMG_7994,obj93
IMG_7995,obj94
IMG_7996,obj95
IMG_7997,obj96
IMG_7999,obj97
IMG_8000,obj98
IMG_8001,obj99
IMG_8002,obj100
IMG_8003,obj101
IMG_8004,obj102
IMG_8005,obj103
IMG_8006,obj104
IMG_8007,obj105
IMG_8008,obj106
IMG_8029,obj107
IMG_8039,obj108
IMG_8040,obj108
