urn:cite:shot:epigimg.Image Reference,urn:cite:shot:epigmon.Object Reference
urn:cite:shot:epigimg.IMG_0821,urn:cite:shot:epigmon.obj1
urn:cite:shot:epigimg.IMG_2314,urn:cite:shot:epigmon.obj2
urn:cite:shot:epigimg.IMG_2496,urn:cite:shot:epigmon.obj3
urn:cite:shot:epigimg.IMG_2501,urn:cite:shot:epigmon.obj4
urn:cite:shot:epigimg.IMG_2717,urn:cite:shot:epigmon.obj5
urn:cite:shot:epigimg.IMG_2719,urn:cite:shot:epigmon.obj6
urn:cite:shot:epigimg.IMG_2721,urn:cite:shot:epigmon.obj7
urn:cite:shot:epigimg.IMG_2723,urn:cite:shot:epigmon.obj8
urn:cite:shot:epigimg.IMG_2725,urn:cite:shot:epigmon.obj9
urn:cite:shot:epigimg.IMG_2727,urn:cite:shot:epigmon.obj10
urn:cite:shot:epigimg.IMG_4579,urn:cite:shot:epigmon.obj11
urn:cite:shot:epigimg.IMG_4596,urn:cite:shot:epigmon.obj12
urn:cite:shot:epigimg.IMG_4611,urn:cite:shot:epigmon.obj13
urn:cite:shot:epigimg.IMG_4630,urn:cite:shot:epigmon.obj14
urn:cite:shot:epigimg.IMG_4785,urn:cite:shot:epigmon.obj15
urn:cite:shot:epigimg.IMG_4789,urn:cite:shot:epigmon.obj16
urn:cite:shot:epigimg.IMG_4792,urn:cite:shot:epigmon.obj17
urn:cite:shot:epigimg.IMG_4798,urn:cite:shot:epigmon.obj18
urn:cite:shot:epigimg.IMG_5073,urn:cite:shot:epigmon.obj19
urn:cite:shot:epigimg.IMG_5211,urn:cite:shot:epigmon.obj20
urn:cite:shot:epigimg.IMG_5212,urn:cite:shot:epigmon.obj21
urn:cite:shot:epigimg.IMG_5213,urn:cite:shot:epigmon.obj22
urn:cite:shot:epigimg.IMG_5214,urn:cite:shot:epigmon.obj23
urn:cite:shot:epigimg.IMG_5215,urn:cite:shot:epigmon.obj24
urn:cite:shot:epigimg.IMG_5216,urn:cite:shot:epigmon.obj25
urn:cite:shot:epigimg.IMG_5217,urn:cite:shot:epigmon.obj26
urn:cite:shot:epigimg.IMG_5218,urn:cite:shot:epigmon.obj27
urn:cite:shot:epigimg.IMG_5219,urn:cite:shot:epigmon.obj28
urn:cite:shot:epigimg.IMG_5220,urn:cite:shot:epigmon.obj29
urn:cite:shot:epigimg.IMG_5221,urn:cite:shot:epigmon.obj30
urn:cite:shot:epigimg.IMG_5232,urn:cite:shot:epigmon.obj31
urn:cite:shot:epigimg.IMG_5239,urn:cite:shot:epigmon.obj32
urn:cite:shot:epigimg.IMG_5304,urn:cite:shot:epigmon.obj33
urn:cite:shot:epigimg.IMG_5305,urn:cite:shot:epigmon.obj34
urn:cite:shot:epigimg.IMG_5309,urn:cite:shot:epigmon.obj35
urn:cite:shot:epigimg.IMG_5311,urn:cite:shot:epigmon.obj36
urn:cite:shot:epigimg.IMG_5312,urn:cite:shot:epigmon.obj37
urn:cite:shot:epigimg.IMG_5314,urn:cite:shot:epigmon.obj38
urn:cite:shot:epigimg.IMG_5359,urn:cite:shot:epigmon.obj39
urn:cite:shot:epigimg.IMG_5471,urn:cite:shot:epigmon.obj40
urn:cite:shot:epigimg.IMG_5759,urn:cite:shot:epigmon.obj41
urn:cite:shot:epigimg.IMG_5784,urn:cite:shot:epigmon.obj42
urn:cite:shot:epigimg.IMG_5785,urn:cite:shot:epigmon.obj43
urn:cite:shot:epigimg.IMG_5787,urn:cite:shot:epigmon.obj44
urn:cite:shot:epigimg.IMG_5794,urn:cite:shot:epigmon.obj45
urn:cite:shot:epigimg.IMG_5795,urn:cite:shot:epigmon.obj46
urn:cite:shot:epigimg.IMG_5796,urn:cite:shot:epigmon.obj47
urn:cite:shot:epigimg.IMG_5798,urn:cite:shot:epigmon.obj48
urn:cite:shot:epigimg.IMG_5803,urn:cite:shot:epigmon.obj49
urn:cite:shot:epigimg.IMG_5831,urn:cite:shot:epigmon.obj50
urn:cite:shot:epigimg.IMG_6398,urn:cite:shot:epigmon.obj51
urn:cite:shot:epigimg.IMG_6416,urn:cite:shot:epigmon.obj52
urn:cite:shot:epigimg.IMG_6516,urn:cite:shot:epigmon.obj53
urn:cite:shot:epigimg.IMG_6597,urn:cite:shot:epigmon.obj54
urn:cite:shot:epigimg.IMG_6717,urn:cite:shot:epigmon.obj55
urn:cite:shot:epigimg.IMG_6720,urn:cite:shot:epigmon.obj56
urn:cite:shot:epigimg.IMG_6723,urn:cite:shot:epigmon.obj57
urn:cite:shot:epigimg.IMG_6724,urn:cite:shot:epigmon.obj58
urn:cite:shot:epigimg.IMG_6725,urn:cite:shot:epigmon.obj59
urn:cite:shot:epigimg.IMG_7002,urn:cite:shot:epigmon.obj60
urn:cite:shot:epigimg.IMG_7006,urn:cite:shot:epigmon.obj61
urn:cite:shot:epigimg.IMG_7033,urn:cite:shot:epigmon.obj62
urn:cite:shot:epigimg.IMG_7042,urn:cite:shot:epigmon.obj63
urn:cite:shot:epigimg.IMG_7095,urn:cite:shot:epigmon.obj64
urn:cite:shot:epigimg.IMG_7113,urn:cite:shot:epigmon.obj65
urn:cite:shot:epigimg.IMG_7117,urn:cite:shot:epigmon.obj66
urn:cite:shot:epigimg.IMG_7119,urn:cite:shot:epigmon.obj67
urn:cite:shot:epigimg.IMG_7120,urn:cite:shot:epigmon.obj68
urn:cite:shot:epigimg.IMG_7121,urn:cite:shot:epigmon.obj69
urn:cite:shot:epigimg.IMG_7122,urn:cite:shot:epigmon.obj70
urn:cite:shot:epigimg.IMG_7123,urn:cite:shot:epigmon.obj71
urn:cite:shot:epigimg.IMG_7124,urn:cite:shot:epigmon.obj72
urn:cite:shot:epigimg.IMG_7125,urn:cite:shot:epigmon.obj73
urn:cite:shot:epigimg.IMG_7126,urn:cite:shot:epigmon.obj74
urn:cite:shot:epigimg.IMG_7127,urn:cite:shot:epigmon.obj75
urn:cite:shot:epigimg.IMG_7128,urn:cite:shot:epigmon.obj76
urn:cite:shot:epigimg.IMG_7129,urn:cite:shot:epigmon.obj77
urn:cite:shot:epigimg.IMG_7130,urn:cite:shot:epigmon.obj78
urn:cite:shot:epigimg.IMG_7131,urn:cite:shot:epigmon.obj79
urn:cite:shot:epigimg.IMG_7132,urn:cite:shot:epigmon.obj80
urn:cite:shot:epigimg.IMG_7133,urn:cite:shot:epigmon.obj81
urn:cite:shot:epigimg.IMG_7635,urn:cite:shot:epigmon.obj82
urn:cite:shot:epigimg.IMG_7636,urn:cite:shot:epigmon.obj83
urn:cite:shot:epigimg.IMG_7638,urn:cite:shot:epigmon.obj84
urn:cite:shot:epigimg.IMG_7639,urn:cite:shot:epigmon.obj85
urn:cite:shot:epigimg.IMG_7640,urn:cite:shot:epigmon.obj86
urn:cite:shot:epigimg.IMG_7641,urn:cite:shot:epigmon.obj87
urn:cite:shot:epigimg.IMG_7642,urn:cite:shot:epigmon.obj88
urn:cite:shot:epigimg.IMG_7645,urn:cite:shot:epigmon.obj89
urn:cite:shot:epigimg.IMG_7935,urn:cite:shot:epigmon.obj90
urn:cite:shot:epigimg.IMG_7992,urn:cite:shot:epigmon.obj91
urn:cite:shot:epigimg.IMG_7993,urn:cite:shot:epigmon.obj92
urn:cite:shot:epigimg.IMG_7994,urn:cite:shot:epigmon.obj93
urn:cite:shot:epigimg.IMG_7995,urn:cite:shot:epigmon.obj94
urn:cite:shot:epigimg.IMG_7996,urn:cite:shot:epigmon.obj95
urn:cite:shot:epigimg.IMG_7997,urn:cite:shot:epigmon.obj96
urn:cite:shot:epigimg.IMG_7999,urn:cite:shot:epigmon.obj97
urn:cite:shot:epigimg.IMG_8000,urn:cite:shot:epigmon.obj98
urn:cite:shot:epigimg.IMG_8001,urn:cite:shot:epigmon.obj99
urn:cite:shot:epigimg.IMG_8002,urn:cite:shot:epigmon.obj100
urn:cite:shot:epigimg.IMG_8003,urn:cite:shot:epigmon.obj101
urn:cite:shot:epigimg.IMG_8004,urn:cite:shot:epigmon.obj102
urn:cite:shot:epigimg.IMG_8005,urn:cite:shot:epigmon.obj103
urn:cite:shot:epigimg.IMG_8006,urn:cite:shot:epigmon.obj104
urn:cite:shot:epigimg.IMG_8007,urn:cite:shot:epigmon.obj105
urn:cite:shot:epigimg.IMG_8008,urn:cite:shot:epigmon.obj106
urn:cite:shot:epigimg.IMG_8029,urn:cite:shot:epigmon.obj107
urn:cite:shot:epigimg.IMG_8039,urn:cite:shot:epigmon.obj108
urn:cite:shot:epigimg.IMG_8040,urn:cite:shot:epigmon.obj108
