urn:cite:hclat:tokens.a,urn:cite:perseus:latlexent.lex9104.1
urn:cite:hclat:tokens.ab,urn:cite:perseus:latlexent.lex9104.1
urn:cite:hclat:tokens.abiremus,urn:cite:perseus:latlexent.lex9147.1
urn:cite:hclat:tokens.abnepos,urn:cite:perseus:latlexent.lex9223.1
urn:cite:hclat:tokens.absolvi,urn:cite:perseus:latlexent.lex9315.1
urn:cite:hclat:tokens.accensi,urn:cite:perseus:latlexent.lex9403.1
urn:cite:hclat:tokens.accensi,urn:cite:perseus:latlexent.lex9404.1
urn:cite:hclat:tokens.accensi,urn:cite:perseus:latlexent.lex9407.1
urn:cite:hclat:tokens.accensu,urn:cite:perseus:latlexent.lex9404.1
urn:cite:hclat:tokens.accensu,urn:cite:perseus:latlexent.lex9408.1
urn:cite:hclat:tokens.accensu,urn:cite:perseus:latlexent.lex9403.1
urn:cite:hclat:tokens.accensus,urn:cite:perseus:latlexent.lex9403.1
urn:cite:hclat:tokens.accensus,urn:cite:perseus:latlexent.lex9408.1
urn:cite:hclat:tokens.accensus,urn:cite:perseus:latlexent.lex9407.1
urn:cite:hclat:tokens.accensus,urn:cite:perseus:latlexent.lex9404.1
urn:cite:hclat:tokens.accessi,urn:cite:perseus:latlexent.lex9398.1
urn:cite:hclat:tokens.actu,urn:cite:perseus:latlexent.lex9644.1
urn:cite:hclat:tokens.actu,urn:cite:perseus:latlexent.lex10647.1
urn:cite:hclat:tokens.ad,urn:cite:perseus:latlexent.lex9671.1
urn:cite:hclat:tokens.adampliato,urn:cite:perseus:latlexent.lex9697.1
urn:cite:hclat:tokens.adiutori,urn:cite:perseus:latlexent.lex9912.1
urn:cite:hclat:tokens.adlecto,urn:cite:perseus:latlexent.lex10872.1
urn:cite:hclat:tokens.adnepos,urn:cite:perseus:latlexent.lex10023.1
urn:cite:hclat:tokens.advocationis,urn:cite:perseus:latlexent.lex10256.1
urn:cite:hclat:tokens.advocato,urn:cite:perseus:latlexent.lex10258.1
urn:cite:hclat:tokens.advocato,urn:cite:perseus:latlexent.lex10259.1
urn:cite:hclat:tokens.advocato,urn:cite:perseus:latlexent.lex10260.1
urn:cite:hclat:tokens.aedem,urn:cite:perseus:latlexent.lex10272.1
urn:cite:hclat:tokens.aedili,urn:cite:perseus:latlexent.lex10286.1
urn:cite:hclat:tokens.aedilis,urn:cite:perseus:latlexent.lex10286.1
urn:cite:hclat:tokens.aedium,urn:cite:perseus:latlexent.lex10272.1
urn:cite:hclat:tokens.aer,urn:cite:perseus:latlexent.lex10403.1
urn:cite:hclat:tokens.aetatis,urn:cite:perseus:latlexent.lex10471.1
urn:cite:hclat:tokens.agro,urn:cite:perseus:latlexent.lex10577.1
urn:cite:hclat:tokens.alimentorum,urn:cite:perseus:latlexent.lex10800.1
urn:cite:hclat:tokens.altari,urn:cite:perseus:latlexent.lex10989.1
urn:cite:hclat:tokens.altari,urn:cite:perseus:latlexent.lex10947.1
urn:cite:hclat:tokens.altari,urn:cite:perseus:latlexent.lex10945.1
urn:cite:hclat:tokens.alti,urn:cite:perseus:latlexent.lex10996.1
urn:cite:hclat:tokens.alti,urn:cite:perseus:latlexent.lex10994.1
urn:cite:hclat:tokens.alti,urn:cite:perseus:latlexent.lex10927.1
urn:cite:hclat:tokens.aluei,urn:cite:perseus:latlexent.lex11017.1
urn:cite:hclat:tokens.alumnus,urn:cite:perseus:latlexent.lex11008.1
urn:cite:hclat:tokens.amantissimo,urn:cite:perseus:latlexent.lex11179.1
urn:cite:hclat:tokens.ampliatus,urn:cite:perseus:latlexent.lex11240.1
urn:cite:hclat:tokens.an,urn:cite:perseus:latlexent.lex11277.1
urn:cite:hclat:tokens.anathema,urn:cite:perseus:latlexent.lex11319.1
urn:cite:hclat:tokens.anathema,urn:cite:perseus:latlexent.lex11320.1
urn:cite:hclat:tokens.anathematis,urn:cite:perseus:latlexent.lex11319.1
urn:cite:hclat:tokens.anathematis,urn:cite:perseus:latlexent.lex11320.1
urn:cite:hclat:tokens.ane,urn:cite:perseus:latlexent.lex11697.1
urn:cite:hclat:tokens.ane,urn:cite:perseus:latlexent.lex11698.1
urn:cite:hclat:tokens.angeli,urn:cite:perseus:latlexent.lex11384.1
urn:cite:hclat:tokens.angelicam,urn:cite:perseus:latlexent.lex11381.1
urn:cite:hclat:tokens.angelorum,urn:cite:perseus:latlexent.lex11384.1
urn:cite:hclat:tokens.animam,urn:cite:perseus:latlexent.lex11432.1
urn:cite:hclat:tokens.animi,urn:cite:perseus:latlexent.lex11457.1
urn:cite:hclat:tokens.ann,urn:cite:perseus:latlexent.lex11277.1
urn:cite:hclat:tokens.annis,urn:cite:perseus:latlexent.lex11511.1
urn:cite:hclat:tokens.anno,urn:cite:perseus:latlexent.lex11511.1
urn:cite:hclat:tokens.anno,urn:cite:perseus:latlexent.lex10019.1
urn:cite:hclat:tokens.anno,urn:cite:perseus:latlexent.lex11483.1
urn:cite:hclat:tokens.anno,urn:cite:perseus:latlexent.lex11484.1
urn:cite:hclat:tokens.annor,urn:cite:perseus:latlexent.lex11483.1
urn:cite:hclat:tokens.annor,urn:cite:perseus:latlexent.lex11484.1
urn:cite:hclat:tokens.annor,urn:cite:perseus:latlexent.lex10019.1
urn:cite:hclat:tokens.annorum,urn:cite:perseus:latlexent.lex11511.1
urn:cite:hclat:tokens.annos,urn:cite:perseus:latlexent.lex11511.1
urn:cite:hclat:tokens.annum,urn:cite:perseus:latlexent.lex11511.1
urn:cite:hclat:tokens.ano,urn:cite:perseus:latlexent.lex11697.1
urn:cite:hclat:tokens.ano,urn:cite:perseus:latlexent.lex11698.1
urn:cite:hclat:tokens.antho,urn:cite:perseus:latlexent.lex11633.1
urn:cite:hclat:tokens.antium,urn:cite:perseus:latlexent.lex11601.1
urn:cite:hclat:tokens.aperuit,urn:cite:perseus:latlexent.lex11720.1
urn:cite:hclat:tokens.arcem,urn:cite:perseus:latlexent.lex12377.1
urn:cite:hclat:tokens.arcum,urn:cite:perseus:latlexent.lex12125.1
urn:cite:hclat:tokens.arcum,urn:cite:perseus:latlexent.lex12377.1
urn:cite:hclat:tokens.argentari,urn:cite:perseus:latlexent.lex12165.1
urn:cite:hclat:tokens.argentari,urn:cite:perseus:latlexent.lex12167.1
urn:cite:hclat:tokens.argentari,urn:cite:perseus:latlexent.lex12166.1
urn:cite:hclat:tokens.armis,urn:cite:perseus:latlexent.lex12264.1
urn:cite:hclat:tokens.armis,urn:cite:perseus:latlexent.lex12232.1
urn:cite:hclat:tokens.armo,urn:cite:perseus:latlexent.lex12264.1
urn:cite:hclat:tokens.armo,urn:cite:perseus:latlexent.lex12261.1
urn:cite:hclat:tokens.asclepiade,urn:cite:perseus:latlexent.lex12409.1
urn:cite:hclat:tokens.au,urn:cite:perseus:latlexent.lex12799.1
urn:cite:hclat:tokens.auge,urn:cite:perseus:latlexent.lex12863.1
urn:cite:hclat:tokens.augura,urn:cite:perseus:latlexent.lex12886.1
urn:cite:hclat:tokens.augura,urn:cite:perseus:latlexent.lex12885.1
urn:cite:hclat:tokens.auguri,urn:cite:perseus:latlexent.lex12871.1
urn:cite:hclat:tokens.auguri,urn:cite:perseus:latlexent.lex12882.1
urn:cite:hclat:tokens.augusta,urn:cite:perseus:latlexent.lex12889.1
urn:cite:hclat:tokens.augusta,urn:cite:perseus:latlexent.lex12890.1
urn:cite:hclat:tokens.augusti,urn:cite:perseus:latlexent.lex12890.1
urn:cite:hclat:tokens.augusto,urn:cite:perseus:latlexent.lex12890.1
urn:cite:hclat:tokens.augusto,urn:cite:perseus:latlexent.lex12889.1
urn:cite:hclat:tokens.augustorum,urn:cite:perseus:latlexent.lex12890.1
urn:cite:hclat:tokens.augustus,urn:cite:perseus:latlexent.lex12890.1
urn:cite:hclat:tokens.aviti,urn:cite:perseus:latlexent.lex13068.1
urn:cite:hclat:tokens.aviti,urn:cite:perseus:latlexent.lex13067.1
urn:cite:hclat:tokens.avito,urn:cite:perseus:latlexent.lex13068.1
urn:cite:hclat:tokens.basilia,urn:cite:perseus:latlexent.lex13262.1
urn:cite:hclat:tokens.bellam,urn:cite:perseus:latlexent.lex13343.1
urn:cite:hclat:tokens.bene,urn:cite:perseus:latlexent.lex13357.1
urn:cite:hclat:tokens.bene,urn:cite:perseus:latlexent.lex13387.1
urn:cite:hclat:tokens.beneficio,urn:cite:perseus:latlexent.lex13371.1
urn:cite:hclat:tokens.bio,urn:cite:perseus:latlexent.lex13515.1
urn:cite:hclat:tokens.bis,urn:cite:perseus:latlexent.lex13541.1
urn:cite:hclat:tokens.boari,urn:cite:perseus:latlexent.lex13622.1
urn:cite:hclat:tokens.boari,urn:cite:perseus:latlexent.lex13690.1
urn:cite:hclat:tokens.bolo,urn:cite:perseus:latlexent.lex13637.1
urn:cite:hclat:tokens.caesus,urn:cite:perseus:latlexent.lex14043.1
urn:cite:hclat:tokens.caesus,urn:cite:perseus:latlexent.lex13973.1
urn:cite:hclat:tokens.caesus,urn:cite:perseus:latlexent.lex14044.1
urn:cite:hclat:tokens.canibus,urn:cite:perseus:latlexent.lex14341.1
urn:cite:hclat:tokens.caput,urn:cite:perseus:latlexent.lex14522.1
urn:cite:hclat:tokens.cardinalium,urn:cite:perseus:latlexent.lex14557.1
urn:cite:hclat:tokens.care,urn:cite:perseus:latlexent.lex14615.1
urn:cite:hclat:tokens.care,urn:cite:perseus:latlexent.lex14569.1
urn:cite:hclat:tokens.care,urn:cite:perseus:latlexent.lex14611.1
urn:cite:hclat:tokens.care,urn:cite:perseus:latlexent.lex14651.1
urn:cite:hclat:tokens.carissimis,urn:cite:perseus:latlexent.lex14651.1
urn:cite:hclat:tokens.carissimo,urn:cite:perseus:latlexent.lex14651.1
urn:cite:hclat:tokens.cassiae,urn:cite:perseus:latlexent.lex14667.1
urn:cite:hclat:tokens.cassiam,urn:cite:perseus:latlexent.lex14667.1
urn:cite:hclat:tokens.castra,urn:cite:perseus:latlexent.lex14727.1
urn:cite:hclat:tokens.castra,urn:cite:perseus:latlexent.lex14726.1
urn:cite:hclat:tokens.castra,urn:cite:perseus:latlexent.lex14716.1
urn:cite:hclat:tokens.castrensi,urn:cite:perseus:latlexent.lex14725.1
urn:cite:hclat:tokens.castrorum,urn:cite:perseus:latlexent.lex14727.1
urn:cite:hclat:tokens.castrorum,urn:cite:perseus:latlexent.lex14716.1
urn:cite:hclat:tokens.celso,urn:cite:perseus:latlexent.lex14994.1
urn:cite:hclat:tokens.centurias,urn:cite:perseus:latlexent.lex15072.1
urn:cite:hclat:tokens.centurias,urn:cite:perseus:latlexent.lex15079.1
urn:cite:hclat:tokens.cerdonis,urn:cite:perseus:latlexent.lex15132.1
urn:cite:hclat:tokens.ceterorumque,urn:cite:perseus:latlexent.lex15236.1
urn:cite:hclat:tokens.ceterorumque,urn:cite:perseus:latlexent.lex15238.1
urn:cite:hclat:tokens.charis,urn:cite:perseus:latlexent.lex15305.1
urn:cite:hclat:tokens.cin,urn:cite:perseus:latlexent.lex15473.1
urn:cite:hclat:tokens.cin,urn:cite:perseus:latlexent.lex15851.1
urn:cite:hclat:tokens.circaea,urn:cite:perseus:latlexent.lex15552.1
urn:cite:hclat:tokens.circaea,urn:cite:perseus:latlexent.lex15551.1
urn:cite:hclat:tokens.civi,urn:cite:perseus:latlexent.lex15914.1
urn:cite:hclat:tokens.civi,urn:cite:perseus:latlexent.lex15485.1
urn:cite:hclat:tokens.civili,urn:cite:perseus:latlexent.lex15911.1
urn:cite:hclat:tokens.civilius,urn:cite:perseus:latlexent.lex15911.1
urn:cite:hclat:tokens.civitati,urn:cite:perseus:latlexent.lex15915.1
urn:cite:hclat:tokens.clarissimi,urn:cite:perseus:latlexent.lex15956.1
urn:cite:hclat:tokens.clarissimis,urn:cite:perseus:latlexent.lex15956.1
urn:cite:hclat:tokens.clarissimo,urn:cite:perseus:latlexent.lex15956.1
urn:cite:hclat:tokens.clarissimus,urn:cite:perseus:latlexent.lex15956.1
urn:cite:hclat:tokens.classi,urn:cite:perseus:latlexent.lex15961.1
urn:cite:hclat:tokens.claudi,urn:cite:perseus:latlexent.lex15974.1
urn:cite:hclat:tokens.claudi,urn:cite:perseus:latlexent.lex15971.1
urn:cite:hclat:tokens.claudi,urn:cite:perseus:latlexent.lex15972.1
urn:cite:hclat:tokens.claudius,urn:cite:perseus:latlexent.lex15974.1
urn:cite:hclat:tokens.clemens,urn:cite:perseus:latlexent.lex16003.1
urn:cite:hclat:tokens.clementi,urn:cite:perseus:latlexent.lex16003.1
urn:cite:hclat:tokens.clerico,urn:cite:perseus:latlexent.lex16013.1
urn:cite:hclat:tokens.cloacarum,urn:cite:perseus:latlexent.lex16046.1
urn:cite:hclat:tokens.coelestia,urn:cite:perseus:latlexent.lex13982.1
urn:cite:hclat:tokens.cognosce,urn:cite:perseus:latlexent.lex16305.1
urn:cite:hclat:tokens.cohorti,urn:cite:perseus:latlexent.lex16325.1
urn:cite:hclat:tokens.collegium,urn:cite:perseus:latlexent.lex16419.1
urn:cite:hclat:tokens.coloniae,urn:cite:perseus:latlexent.lex16510.1
urn:cite:hclat:tokens.coloniai,urn:cite:perseus:latlexent.lex16510.1
urn:cite:hclat:tokens.coluit,urn:cite:perseus:latlexent.lex16497.1
urn:cite:hclat:tokens.comitia,urn:cite:perseus:latlexent.lex16631.1
urn:cite:hclat:tokens.comitia,urn:cite:perseus:latlexent.lex16632.1
urn:cite:hclat:tokens.commodi,urn:cite:perseus:latlexent.lex16775.1
urn:cite:hclat:tokens.commodi,urn:cite:perseus:latlexent.lex16777.1
urn:cite:hclat:tokens.communiri,urn:cite:perseus:latlexent.lex16823.1
urn:cite:hclat:tokens.compara,urn:cite:perseus:latlexent.lex16883.1
urn:cite:hclat:tokens.compara,urn:cite:perseus:latlexent.lex16882.1
urn:cite:hclat:tokens.concordiae,urn:cite:perseus:latlexent.lex17248.1
urn:cite:hclat:tokens.concubinae,urn:cite:perseus:latlexent.lex17284.1
urn:cite:hclat:tokens.cones,urn:cite:perseus:latlexent.lex18123.1
urn:cite:hclat:tokens.coniugi,urn:cite:perseus:latlexent.lex17733.1
urn:cite:hclat:tokens.coniugi,urn:cite:perseus:latlexent.lex17745.1
urn:cite:hclat:tokens.coniunx,urn:cite:perseus:latlexent.lex17745.1
urn:cite:hclat:tokens.conlapsam,urn:cite:perseus:latlexent.lex16372.1
urn:cite:hclat:tokens.consecravit,urn:cite:perseus:latlexent.lex17874.1
urn:cite:hclat:tokens.conspiciendum,urn:cite:perseus:latlexent.lex18017.1
urn:cite:hclat:tokens.consul,urn:cite:perseus:latlexent.lex18103.1
urn:cite:hclat:tokens.consuli,urn:cite:perseus:latlexent.lex18109.1
urn:cite:hclat:tokens.consuli,urn:cite:perseus:latlexent.lex18103.1
urn:cite:hclat:tokens.consulibus,urn:cite:perseus:latlexent.lex18103.1
urn:cite:hclat:tokens.consulto,urn:cite:perseus:latlexent.lex18120.1
urn:cite:hclat:tokens.consulto,urn:cite:perseus:latlexent.lex18121.1
urn:cite:hclat:tokens.consulto,urn:cite:perseus:latlexent.lex18109.1
urn:cite:hclat:tokens.consulto,urn:cite:perseus:latlexent.lex18115.1
urn:cite:hclat:tokens.consumptum,urn:cite:perseus:latlexent.lex18129.1
urn:cite:hclat:tokens.contingat,urn:cite:perseus:latlexent.lex18255.1
urn:cite:hclat:tokens.contingat,urn:cite:perseus:latlexent.lex18256.1
urn:cite:hclat:tokens.contra,urn:cite:perseus:latlexent.lex18288.1
urn:cite:hclat:tokens.contubernali,urn:cite:perseus:latlexent.lex18350.1
urn:cite:hclat:tokens.corpus,urn:cite:perseus:latlexent.lex18662.1
urn:cite:hclat:tokens.corrigendum,urn:cite:perseus:latlexent.lex18685.1
urn:cite:hclat:tokens.corruptum,urn:cite:perseus:latlexent.lex18714.1
urn:cite:hclat:tokens.corruptum,urn:cite:perseus:latlexent.lex18703.1
urn:cite:hclat:tokens.crassi,urn:cite:perseus:latlexent.lex18830.1
urn:cite:hclat:tokens.crescens,urn:cite:perseus:latlexent.lex18909.1
urn:cite:hclat:tokens.cruci,urn:cite:perseus:latlexent.lex19053.1
urn:cite:hclat:tokens.crustulum,urn:cite:perseus:latlexent.lex19051.1
urn:cite:hclat:tokens.cryptam,urn:cite:perseus:latlexent.lex19054.1
urn:cite:hclat:tokens.cubitum,urn:cite:perseus:latlexent.lex19082.1
urn:cite:hclat:tokens.cubitum,urn:cite:perseus:latlexent.lex19084.1
urn:cite:hclat:tokens.cubitum,urn:cite:perseus:latlexent.lex19080.1
urn:cite:hclat:tokens.cui,urn:cite:perseus:latlexent.lex44537.1
urn:cite:hclat:tokens.cui,urn:cite:perseus:latlexent.lex44410.1
urn:cite:hclat:tokens.cui,urn:cite:perseus:latlexent.lex44536.1
urn:cite:hclat:tokens.cui,urn:cite:perseus:latlexent.lex44409.1
urn:cite:hclat:tokens.cuius,urn:cite:perseus:latlexent.lex44537.1
urn:cite:hclat:tokens.cuius,urn:cite:perseus:latlexent.lex44410.1
urn:cite:hclat:tokens.cuius,urn:cite:perseus:latlexent.lex44536.1
urn:cite:hclat:tokens.cuius,urn:cite:perseus:latlexent.lex19121.1
urn:cite:hclat:tokens.cuius,urn:cite:perseus:latlexent.lex44409.1
urn:cite:hclat:tokens.cuius,urn:cite:perseus:latlexent.lex19122.1
urn:cite:hclat:tokens.cultellus,urn:cite:perseus:latlexent.lex19163.1
urn:cite:hclat:tokens.cur,urn:cite:perseus:latlexent.lex19272.1
urn:cite:hclat:tokens.curam,urn:cite:perseus:latlexent.lex19273.1
urn:cite:hclat:tokens.curante,urn:cite:perseus:latlexent.lex19306.1
urn:cite:hclat:tokens.curat,urn:cite:perseus:latlexent.lex19306.1
urn:cite:hclat:tokens.curator,urn:cite:perseus:latlexent.lex19281.1
urn:cite:hclat:tokens.curatori,urn:cite:perseus:latlexent.lex19281.1
urn:cite:hclat:tokens.curatori,urn:cite:perseus:latlexent.lex19284.1
urn:cite:hclat:tokens.curatoris,urn:cite:perseus:latlexent.lex19281.1
urn:cite:hclat:tokens.dare,urn:cite:perseus:latlexent.lex21761.1
urn:cite:hclat:tokens.dato,urn:cite:perseus:latlexent.lex21761.1
urn:cite:hclat:tokens.datur,urn:cite:perseus:latlexent.lex21761.1
urn:cite:hclat:tokens.de,urn:cite:perseus:latlexent.lex19511.1
urn:cite:hclat:tokens.dece,urn:cite:perseus:latlexent.lex19627.1
urn:cite:hclat:tokens.decessit,urn:cite:perseus:latlexent.lex19581.1
urn:cite:hclat:tokens.decreto,urn:cite:perseus:latlexent.lex19710.1
urn:cite:hclat:tokens.decreto,urn:cite:perseus:latlexent.lex19617.1
urn:cite:hclat:tokens.decuriones,urn:cite:perseus:latlexent.lex19733.1
urn:cite:hclat:tokens.decurionibus,urn:cite:perseus:latlexent.lex19733.1
urn:cite:hclat:tokens.decurionum,urn:cite:perseus:latlexent.lex19733.1
urn:cite:hclat:tokens.dederunt,urn:cite:perseus:latlexent.lex21761.1
urn:cite:hclat:tokens.dedicata,urn:cite:perseus:latlexent.lex19770.1
urn:cite:hclat:tokens.dedicaverunt,urn:cite:perseus:latlexent.lex19770.1
urn:cite:hclat:tokens.dedicavit,urn:cite:perseus:latlexent.lex19770.1
urn:cite:hclat:tokens.dedit,urn:cite:perseus:latlexent.lex19780.1
urn:cite:hclat:tokens.dedit,urn:cite:perseus:latlexent.lex21761.1
urn:cite:hclat:tokens.dei,urn:cite:perseus:latlexent.lex20737.1
urn:cite:hclat:tokens.dei,urn:cite:perseus:latlexent.lex19799.1
urn:cite:hclat:tokens.delegatu,urn:cite:perseus:latlexent.lex20036.1
urn:cite:hclat:tokens.des,urn:cite:perseus:latlexent.lex21761.1
urn:cite:hclat:tokens.designatus,urn:cite:perseus:latlexent.lex20537.1
urn:cite:hclat:tokens.det,urn:cite:perseus:latlexent.lex21761.1
urn:cite:hclat:tokens.detur,urn:cite:perseus:latlexent.lex21761.1
urn:cite:hclat:tokens.di,urn:cite:perseus:latlexent.lex20737.1
urn:cite:hclat:tokens.di,urn:cite:perseus:latlexent.lex21683.1
urn:cite:hclat:tokens.diadumeno,urn:cite:perseus:latlexent.lex20855.1
urn:cite:hclat:tokens.dicavit,urn:cite:perseus:latlexent.lex20960.1
urn:cite:hclat:tokens.dicundo,urn:cite:perseus:latlexent.lex20961.1
urn:cite:hclat:tokens.die,urn:cite:perseus:latlexent.lex21683.1
urn:cite:hclat:tokens.die,urn:cite:perseus:latlexent.lex21759.1
urn:cite:hclat:tokens.die,urn:cite:perseus:latlexent.lex20998.1
urn:cite:hclat:tokens.diebus,urn:cite:perseus:latlexent.lex20998.1
urn:cite:hclat:tokens.dimittere,urn:cite:perseus:latlexent.lex21189.1
urn:cite:hclat:tokens.dis,urn:cite:perseus:latlexent.lex21716.1
urn:cite:hclat:tokens.dis,urn:cite:perseus:latlexent.lex20737.1
urn:cite:hclat:tokens.divae,urn:cite:perseus:latlexent.lex21759.1
urn:cite:hclat:tokens.divae,urn:cite:perseus:latlexent.lex21693.1
urn:cite:hclat:tokens.divi,urn:cite:perseus:latlexent.lex21759.1
urn:cite:hclat:tokens.divinitatis,urn:cite:perseus:latlexent.lex21732.1
urn:cite:hclat:tokens.divo,urn:cite:perseus:latlexent.lex21759.1
urn:cite:hclat:tokens.domi,urn:cite:perseus:latlexent.lex21876.1
urn:cite:hclat:tokens.domino,urn:cite:perseus:latlexent.lex21857.1
urn:cite:hclat:tokens.domus,urn:cite:perseus:latlexent.lex21876.1
urn:cite:hclat:tokens.dono,urn:cite:perseus:latlexent.lex21891.1
urn:cite:hclat:tokens.dono,urn:cite:perseus:latlexent.lex21890.1
urn:cite:hclat:tokens.donum,urn:cite:perseus:latlexent.lex21891.1
urn:cite:hclat:tokens.duo,urn:cite:perseus:latlexent.lex22042.1
urn:cite:hclat:tokens.duorum,urn:cite:perseus:latlexent.lex22042.1
urn:cite:hclat:tokens.duri,urn:cite:perseus:latlexent.lex22118.1
urn:cite:hclat:tokens.duri,urn:cite:perseus:latlexent.lex22114.1
urn:cite:hclat:tokens.e,urn:cite:perseus:latlexent.lex23489.1
urn:cite:hclat:tokens.ea,urn:cite:perseus:latlexent.lex31616.1
urn:cite:hclat:tokens.eademque,urn:cite:perseus:latlexent.lex22149.1
urn:cite:hclat:tokens.eademque,urn:cite:perseus:latlexent.lex27815.1
urn:cite:hclat:tokens.edis,urn:cite:perseus:latlexent.lex22275.1
urn:cite:hclat:tokens.edis,urn:cite:perseus:latlexent.lex22274.1
urn:cite:hclat:tokens.edis,urn:cite:perseus:latlexent.lex26865.1
urn:cite:hclat:tokens.ei,urn:cite:perseus:latlexent.lex22450.1
urn:cite:hclat:tokens.ei,urn:cite:perseus:latlexent.lex31616.1
urn:cite:hclat:tokens.eidemque,urn:cite:perseus:latlexent.lex27815.1
urn:cite:hclat:tokens.eius,urn:cite:perseus:latlexent.lex31616.1
urn:cite:hclat:tokens.eiusdem,urn:cite:perseus:latlexent.lex27815.1
urn:cite:hclat:tokens.elato,urn:cite:perseus:latlexent.lex22329.1
urn:cite:hclat:tokens.electo,urn:cite:perseus:latlexent.lex22580.1
urn:cite:hclat:tokens.electo,urn:cite:perseus:latlexent.lex22530.1
urn:cite:hclat:tokens.electo,urn:cite:perseus:latlexent.lex22529.1
urn:cite:hclat:tokens.em,urn:cite:perseus:latlexent.lex22656.1
urn:cite:hclat:tokens.en,urn:cite:perseus:latlexent.lex22812.1
urn:cite:hclat:tokens.eo,urn:cite:perseus:latlexent.lex22947.1
urn:cite:hclat:tokens.eo,urn:cite:perseus:latlexent.lex31616.1
urn:cite:hclat:tokens.eo,urn:cite:perseus:latlexent.lex22948.1
urn:cite:hclat:tokens.eorum,urn:cite:perseus:latlexent.lex31616.1
urn:cite:hclat:tokens.equestrium,urn:cite:perseus:latlexent.lex23101.1
urn:cite:hclat:tokens.equo,urn:cite:perseus:latlexent.lex23123.1
urn:cite:hclat:tokens.erexit,urn:cite:perseus:latlexent.lex23166.1
urn:cite:hclat:tokens.esse,urn:cite:perseus:latlexent.lex50141.1
urn:cite:hclat:tokens.esse,urn:cite:perseus:latlexent.lex22274.1
urn:cite:hclat:tokens.esset,urn:cite:perseus:latlexent.lex50141.1
urn:cite:hclat:tokens.esset,urn:cite:perseus:latlexent.lex22274.1
urn:cite:hclat:tokens.est,urn:cite:perseus:latlexent.lex22274.1
urn:cite:hclat:tokens.est,urn:cite:perseus:latlexent.lex50141.1
urn:cite:hclat:tokens.et,urn:cite:perseus:latlexent.lex23298.1
urn:cite:hclat:tokens.evangelista,urn:cite:perseus:latlexent.lex23406.1
urn:cite:hclat:tokens.ex,urn:cite:perseus:latlexent.lex23489.1
urn:cite:hclat:tokens.exculto,urn:cite:perseus:latlexent.lex23691.1
urn:cite:hclat:tokens.exercitatione,urn:cite:perseus:latlexent.lex23795.1
urn:cite:hclat:tokens.exercitu,urn:cite:perseus:latlexent.lex23792.1
urn:cite:hclat:tokens.exercitu,urn:cite:perseus:latlexent.lex23809.1
urn:cite:hclat:tokens.exercitu,urn:cite:perseus:latlexent.lex23790.1
urn:cite:hclat:tokens.exornato,urn:cite:perseus:latlexent.lex23950.1
urn:cite:hclat:tokens.expeditione,urn:cite:perseus:latlexent.lex23998.1
urn:cite:hclat:tokens.expeditioni,urn:cite:perseus:latlexent.lex23998.1
urn:cite:hclat:tokens.expeditionis,urn:cite:perseus:latlexent.lex23998.1
urn:cite:hclat:tokens.expeditus,urn:cite:perseus:latlexent.lex23996.1
urn:cite:hclat:tokens.expeditus,urn:cite:perseus:latlexent.lex24000.1
urn:cite:hclat:tokens.expiatum,urn:cite:perseus:latlexent.lex24041.1
urn:cite:hclat:tokens.expiatum,urn:cite:perseus:latlexent.lex24049.1
urn:cite:hclat:tokens.exta,urn:cite:perseus:latlexent.lex24322.1
urn:cite:hclat:tokens.exta,urn:cite:perseus:latlexent.lex24279.1
urn:cite:hclat:tokens.fabrum,urn:cite:perseus:latlexent.lex24479.1
urn:cite:hclat:tokens.fabrum,urn:cite:perseus:latlexent.lex24481.1
urn:cite:hclat:tokens.fac,urn:cite:perseus:latlexent.lex24529.1
urn:cite:hclat:tokens.faciendum,urn:cite:perseus:latlexent.lex24529.1
urn:cite:hclat:tokens.faciundis,urn:cite:perseus:latlexent.lex24529.1
urn:cite:hclat:tokens.faciundum,urn:cite:perseus:latlexent.lex24529.1
urn:cite:hclat:tokens.factione,urn:cite:perseus:latlexent.lex24534.1
urn:cite:hclat:tokens.factum,urn:cite:perseus:latlexent.lex24550.1
urn:cite:hclat:tokens.factum,urn:cite:perseus:latlexent.lex24529.1
urn:cite:hclat:tokens.factum,urn:cite:perseus:latlexent.lex24546.1
urn:cite:hclat:tokens.fama,urn:cite:perseus:latlexent.lex24642.1
urn:cite:hclat:tokens.familiae,urn:cite:perseus:latlexent.lex24661.1
urn:cite:hclat:tokens.fecerunt,urn:cite:perseus:latlexent.lex24529.1
urn:cite:hclat:tokens.fecit,urn:cite:perseus:latlexent.lex24529.1
urn:cite:hclat:tokens.felici,urn:cite:perseus:latlexent.lex24877.1
urn:cite:hclat:tokens.felici,urn:cite:perseus:latlexent.lex25152.1
urn:cite:hclat:tokens.felicis,urn:cite:perseus:latlexent.lex24877.1
urn:cite:hclat:tokens.felicis,urn:cite:perseus:latlexent.lex25152.1
urn:cite:hclat:tokens.felicissimo,urn:cite:perseus:latlexent.lex24877.1
urn:cite:hclat:tokens.felicissimoque,urn:cite:perseus:latlexent.lex24877.1
urn:cite:hclat:tokens.feliciter,urn:cite:perseus:latlexent.lex24871.1
urn:cite:hclat:tokens.felicius,urn:cite:perseus:latlexent.lex24877.1
urn:cite:hclat:tokens.felix,urn:cite:perseus:latlexent.lex25152.1
urn:cite:hclat:tokens.felix,urn:cite:perseus:latlexent.lex24877.1
urn:cite:hclat:tokens.femina,urn:cite:perseus:latlexent.lex24899.1
urn:cite:hclat:tokens.femina,urn:cite:perseus:latlexent.lex24892.1
urn:cite:hclat:tokens.feminae,urn:cite:perseus:latlexent.lex24892.1
urn:cite:hclat:tokens.fiat,urn:cite:perseus:latlexent.lex25174.1
urn:cite:hclat:tokens.fictor,urn:cite:perseus:latlexent.lex25069.1
urn:cite:hclat:tokens.fictoris,urn:cite:perseus:latlexent.lex25069.1
urn:cite:hclat:tokens.fidelis,urn:cite:perseus:latlexent.lex25089.1
urn:cite:hclat:tokens.fidem,urn:cite:perseus:latlexent.lex25098.1
urn:cite:hclat:tokens.fidem,urn:cite:perseus:latlexent.lex25097.1
urn:cite:hclat:tokens.fieri,urn:cite:perseus:latlexent.lex25174.1
urn:cite:hclat:tokens.fili,urn:cite:perseus:latlexent.lex25151.1
urn:cite:hclat:tokens.fili,urn:cite:perseus:latlexent.lex25153.1
urn:cite:hclat:tokens.filia,urn:cite:perseus:latlexent.lex25139.1
urn:cite:hclat:tokens.filiae,urn:cite:perseus:latlexent.lex25139.1
urn:cite:hclat:tokens.filiarum,urn:cite:perseus:latlexent.lex25139.1
urn:cite:hclat:tokens.filio,urn:cite:perseus:latlexent.lex25151.1
urn:cite:hclat:tokens.filis,urn:cite:perseus:latlexent.lex25153.1
urn:cite:hclat:tokens.filis,urn:cite:perseus:latlexent.lex25151.1
urn:cite:hclat:tokens.filius,urn:cite:perseus:latlexent.lex25151.1
urn:cite:hclat:tokens.fla,urn:cite:perseus:latlexent.lex25328.1
urn:cite:hclat:tokens.flamini,urn:cite:perseus:latlexent.lex25259.1
urn:cite:hclat:tokens.flamini,urn:cite:perseus:latlexent.lex25251.1
urn:cite:hclat:tokens.flamini,urn:cite:perseus:latlexent.lex25328.1
urn:cite:hclat:tokens.flamini,urn:cite:perseus:latlexent.lex25260.1
urn:cite:hclat:tokens.flamini,urn:cite:perseus:latlexent.lex25252.1
urn:cite:hclat:tokens.florentia,urn:cite:perseus:latlexent.lex25335.1
urn:cite:hclat:tokens.for,urn:cite:perseus:latlexent.lex25480.1
urn:cite:hclat:tokens.forensi,urn:cite:perseus:latlexent.lex25496.1
urn:cite:hclat:tokens.forisque,urn:cite:perseus:latlexent.lex25507.1
urn:cite:hclat:tokens.forisque,urn:cite:perseus:latlexent.lex25510.1
urn:cite:hclat:tokens.forisque,urn:cite:perseus:latlexent.lex25500.1
urn:cite:hclat:tokens.forisque,urn:cite:perseus:latlexent.lex25596.1
urn:cite:hclat:tokens.forisque,urn:cite:perseus:latlexent.lex25594.1
urn:cite:hclat:tokens.forisque,urn:cite:perseus:latlexent.lex25595.1
urn:cite:hclat:tokens.fortiora,urn:cite:perseus:latlexent.lex25581.1
urn:cite:hclat:tokens.fortissimisque,urn:cite:perseus:latlexent.lex25581.1
urn:cite:hclat:tokens.fortissimo,urn:cite:perseus:latlexent.lex25581.1
urn:cite:hclat:tokens.fortunata,urn:cite:perseus:latlexent.lex25592.1
urn:cite:hclat:tokens.fortunato,urn:cite:perseus:latlexent.lex25592.1
urn:cite:hclat:tokens.forum,urn:cite:perseus:latlexent.lex25509.1
urn:cite:hclat:tokens.forum,urn:cite:perseus:latlexent.lex25595.1
urn:cite:hclat:tokens.forum,urn:cite:perseus:latlexent.lex25596.1
urn:cite:hclat:tokens.forum,urn:cite:perseus:latlexent.lex25497.1
urn:cite:hclat:tokens.forum,urn:cite:perseus:latlexent.lex25594.1
urn:cite:hclat:tokens.forum,urn:cite:perseus:latlexent.lex25500.1
urn:cite:hclat:tokens.frater,urn:cite:perseus:latlexent.lex25647.1
urn:cite:hclat:tokens.fratri,urn:cite:perseus:latlexent.lex25647.1
urn:cite:hclat:tokens.frontonis,urn:cite:perseus:latlexent.lex25787.1
urn:cite:hclat:tokens.frumento,urn:cite:perseus:latlexent.lex25821.1
urn:cite:hclat:tokens.frustra,urn:cite:perseus:latlexent.lex25839.1
urn:cite:hclat:tokens.frustra,urn:cite:perseus:latlexent.lex25832.1
urn:cite:hclat:tokens.fuerant,urn:cite:perseus:latlexent.lex50141.1
urn:cite:hclat:tokens.fuerunt,urn:cite:perseus:latlexent.lex50141.1
urn:cite:hclat:tokens.fuit,urn:cite:perseus:latlexent.lex50141.1
urn:cite:hclat:tokens.functo,urn:cite:perseus:latlexent.lex25997.1
urn:cite:hclat:tokens.gallae,urn:cite:perseus:latlexent.lex26145.1
urn:cite:hclat:tokens.gallicae,urn:cite:perseus:latlexent.lex26149.1
urn:cite:hclat:tokens.geminas,urn:cite:perseus:latlexent.lex26245.1
urn:cite:hclat:tokens.geminas,urn:cite:perseus:latlexent.lex26244.1
urn:cite:hclat:tokens.genio,urn:cite:perseus:latlexent.lex26313.1
urn:cite:hclat:tokens.genitrix,urn:cite:perseus:latlexent.lex26288.1
urn:cite:hclat:tokens.gerentem,urn:cite:perseus:latlexent.lex26356.1
urn:cite:hclat:tokens.gratis,urn:cite:perseus:latlexent.lex26690.1
urn:cite:hclat:tokens.gratulationis,urn:cite:perseus:latlexent.lex26685.1
urn:cite:hclat:tokens.haec,urn:cite:perseus:latlexent.lex27244.1
urn:cite:hclat:tokens.hasce,urn:cite:perseus:latlexent.lex27244.1
urn:cite:hclat:tokens.heredes,urn:cite:perseus:latlexent.lex27175.1
urn:cite:hclat:tokens.hic,urn:cite:perseus:latlexent.lex27244.1
urn:cite:hclat:tokens.his,urn:cite:perseus:latlexent.lex27244.1
urn:cite:hclat:tokens.hoc,urn:cite:perseus:latlexent.lex27573.1
urn:cite:hclat:tokens.hoc,urn:cite:perseus:latlexent.lex27244.1
urn:cite:hclat:tokens.homini,urn:cite:perseus:latlexent.lex27420.1
urn:cite:hclat:tokens.honor,urn:cite:perseus:latlexent.lex27445.1
urn:cite:hclat:tokens.honoris,urn:cite:perseus:latlexent.lex27445.1
urn:cite:hclat:tokens.honoris,urn:cite:perseus:latlexent.lex27461.1
urn:cite:hclat:tokens.horrea,urn:cite:perseus:latlexent.lex27512.1
urn:cite:hclat:tokens.hortensio,urn:cite:perseus:latlexent.lex27537.1
urn:cite:hclat:tokens.hortorum,urn:cite:perseus:latlexent.lex27543.1
urn:cite:hclat:tokens.hoste,urn:cite:perseus:latlexent.lex27572.1
urn:cite:hclat:tokens.hoste,urn:cite:perseus:latlexent.lex27570.1
urn:cite:hclat:tokens.huc,urn:cite:perseus:latlexent.lex27573.1
urn:cite:hclat:tokens.huius,urn:cite:perseus:latlexent.lex27244.1
urn:cite:hclat:tokens.humilis,urn:cite:perseus:latlexent.lex27603.1
urn:cite:hclat:tokens.hunc,urn:cite:perseus:latlexent.lex27244.1
urn:cite:hclat:tokens.i,urn:cite:perseus:latlexent.lex22947.1
urn:cite:hclat:tokens.iacet,urn:cite:perseus:latlexent.lex31763.1
urn:cite:hclat:tokens.iam,urn:cite:perseus:latlexent.lex31794.1
urn:cite:hclat:tokens.idem,urn:cite:perseus:latlexent.lex27815.1
urn:cite:hclat:tokens.ii,urn:cite:perseus:latlexent.lex31616.1
urn:cite:hclat:tokens.ii,urn:cite:perseus:latlexent.lex22947.1
urn:cite:hclat:tokens.iis,urn:cite:perseus:latlexent.lex31616.1
urn:cite:hclat:tokens.ille,urn:cite:perseus:latlexent.lex27940.1
urn:cite:hclat:tokens.imperat,urn:cite:perseus:latlexent.lex28326.1
urn:cite:hclat:tokens.imperator,urn:cite:perseus:latlexent.lex28296.1
urn:cite:hclat:tokens.imperatore,urn:cite:perseus:latlexent.lex28296.1
urn:cite:hclat:tokens.imperatores,urn:cite:perseus:latlexent.lex28296.1
urn:cite:hclat:tokens.imperatori,urn:cite:perseus:latlexent.lex28298.1
urn:cite:hclat:tokens.imperatori,urn:cite:perseus:latlexent.lex28296.1
urn:cite:hclat:tokens.imperatoris,urn:cite:perseus:latlexent.lex28296.1
urn:cite:hclat:tokens.imperiumque,urn:cite:perseus:latlexent.lex28319.1
urn:cite:hclat:tokens.impura,urn:cite:perseus:latlexent.lex28545.1
urn:cite:hclat:tokens.in,urn:cite:perseus:latlexent.lex28556.1
urn:cite:hclat:tokens.incendio,urn:cite:perseus:latlexent.lex28751.1
urn:cite:hclat:tokens.indicio,urn:cite:perseus:latlexent.lex29252.1
urn:cite:hclat:tokens.infelicis,urn:cite:perseus:latlexent.lex29615.1
urn:cite:hclat:tokens.inferiore,urn:cite:perseus:latlexent.lex29643.1
urn:cite:hclat:tokens.ingenuo,urn:cite:perseus:latlexent.lex29837.1
urn:cite:hclat:tokens.inperator,urn:cite:perseus:latlexent.lex28296.1
urn:cite:hclat:tokens.inscriptiones,urn:cite:perseus:latlexent.lex30332.1
urn:cite:hclat:tokens.insecuto,urn:cite:perseus:latlexent.lex30385.1
urn:cite:hclat:tokens.insignem,urn:cite:perseus:latlexent.lex30436.1
urn:cite:hclat:tokens.insignem,urn:cite:perseus:latlexent.lex30431.1
urn:cite:hclat:tokens.insignibus,urn:cite:perseus:latlexent.lex30431.1
urn:cite:hclat:tokens.insignibus,urn:cite:perseus:latlexent.lex30427.1
urn:cite:hclat:tokens.instinctu,urn:cite:perseus:latlexent.lex30562.1
urn:cite:hclat:tokens.instinctu,urn:cite:perseus:latlexent.lex30561.1
urn:cite:hclat:tokens.insula,urn:cite:perseus:latlexent.lex30628.1
urn:cite:hclat:tokens.inter,urn:cite:perseus:latlexent.lex30744.1
urn:cite:hclat:tokens.intercede,urn:cite:perseus:latlexent.lex30770.1
urn:cite:hclat:tokens.intrassent,urn:cite:perseus:latlexent.lex31213.1
urn:cite:hclat:tokens.invasor,urn:cite:perseus:latlexent.lex31307.1
urn:cite:hclat:tokens.invictae,urn:cite:perseus:latlexent.lex31366.1
urn:cite:hclat:tokens.ipse,urn:cite:perseus:latlexent.lex31463.1
urn:cite:hclat:tokens.ipsorum,urn:cite:perseus:latlexent.lex31463.1
urn:cite:hclat:tokens.isque,urn:cite:perseus:latlexent.lex31616.1
urn:cite:hclat:tokens.isque,urn:cite:perseus:latlexent.lex22947.1
urn:cite:hclat:tokens.iste,urn:cite:perseus:latlexent.lex31639.1
urn:cite:hclat:tokens.ita,urn:cite:perseus:latlexent.lex31653.1
urn:cite:hclat:tokens.ita,urn:cite:perseus:latlexent.lex31677.1
urn:cite:hclat:tokens.item,urn:cite:perseus:latlexent.lex31657.1
urn:cite:hclat:tokens.item,urn:cite:perseus:latlexent.lex31677.1
urn:cite:hclat:tokens.item,urn:cite:perseus:latlexent.lex31675.1
urn:cite:hclat:tokens.iter,urn:cite:perseus:latlexent.lex31677.1
urn:cite:hclat:tokens.iter,urn:cite:perseus:latlexent.lex31658.1
urn:cite:hclat:tokens.iterumque,urn:cite:perseus:latlexent.lex31666.1
urn:cite:hclat:tokens.iubam,urn:cite:perseus:latlexent.lex31842.1
urn:cite:hclat:tokens.iudici,urn:cite:perseus:latlexent.lex31868.1
urn:cite:hclat:tokens.iudici,urn:cite:perseus:latlexent.lex31855.1
urn:cite:hclat:tokens.iudicis,urn:cite:perseus:latlexent.lex31868.1
urn:cite:hclat:tokens.iudicis,urn:cite:perseus:latlexent.lex31855.1
urn:cite:hclat:tokens.iure,urn:cite:perseus:latlexent.lex31952.1
urn:cite:hclat:tokens.iuris,urn:cite:perseus:latlexent.lex31952.1
urn:cite:hclat:tokens.iussit,urn:cite:perseus:latlexent.lex31845.1
urn:cite:hclat:tokens.iussu,urn:cite:perseus:latlexent.lex31845.1
urn:cite:hclat:tokens.iussu,urn:cite:perseus:latlexent.lex31967.1
urn:cite:hclat:tokens.iustis,urn:cite:perseus:latlexent.lex31978.1
urn:cite:hclat:tokens.iustis,urn:cite:perseus:latlexent.lex31968.1
urn:cite:hclat:tokens.iustius,urn:cite:perseus:latlexent.lex31978.1
urn:cite:hclat:tokens.iusto,urn:cite:perseus:latlexent.lex31978.1
urn:cite:hclat:tokens.ivi,urn:cite:perseus:latlexent.lex22947.1
urn:cite:hclat:tokens.kalendis,urn:cite:perseus:latlexent.lex4239.1
urn:cite:hclat:tokens.laico,urn:cite:perseus:latlexent.lex32184.1
urn:cite:hclat:tokens.lati,urn:cite:perseus:latlexent.lex32485.1
urn:cite:hclat:tokens.lati,urn:cite:perseus:latlexent.lex24946.1
urn:cite:hclat:tokens.lati,urn:cite:perseus:latlexent.lex32483.1
urn:cite:hclat:tokens.lavacrum,urn:cite:perseus:latlexent.lex32525.1
urn:cite:hclat:tokens.lavin,urn:cite:perseus:latlexent.lex32534.1
urn:cite:hclat:tokens.legat,urn:cite:perseus:latlexent.lex32601.1
urn:cite:hclat:tokens.legat,urn:cite:perseus:latlexent.lex32600.1
urn:cite:hclat:tokens.legato,urn:cite:perseus:latlexent.lex32600.1
urn:cite:hclat:tokens.legato,urn:cite:perseus:latlexent.lex32581.1
urn:cite:hclat:tokens.legato,urn:cite:perseus:latlexent.lex32582.1
urn:cite:hclat:tokens.legatum,urn:cite:perseus:latlexent.lex32581.1
urn:cite:hclat:tokens.legatum,urn:cite:perseus:latlexent.lex32582.1
urn:cite:hclat:tokens.legatum,urn:cite:perseus:latlexent.lex32600.1
urn:cite:hclat:tokens.legatus,urn:cite:perseus:latlexent.lex32582.1
urn:cite:hclat:tokens.legatus,urn:cite:perseus:latlexent.lex32600.1
urn:cite:hclat:tokens.legin,urn:cite:perseus:latlexent.lex32778.1
urn:cite:hclat:tokens.legin,urn:cite:perseus:latlexent.lex32601.1
urn:cite:hclat:tokens.legis,urn:cite:perseus:latlexent.lex32778.1
urn:cite:hclat:tokens.legis,urn:cite:perseus:latlexent.lex32601.1
urn:cite:hclat:tokens.leone,urn:cite:perseus:latlexent.lex32668.1
urn:cite:hclat:tokens.liber,urn:cite:perseus:latlexent.lex32809.1
urn:cite:hclat:tokens.liber,urn:cite:perseus:latlexent.lex32840.1
urn:cite:hclat:tokens.liber,urn:cite:perseus:latlexent.lex32811.1
urn:cite:hclat:tokens.libertatem,urn:cite:perseus:latlexent.lex32822.1
urn:cite:hclat:tokens.liberti,urn:cite:perseus:latlexent.lex32829.1
urn:cite:hclat:tokens.libertis,urn:cite:perseus:latlexent.lex32821.1
urn:cite:hclat:tokens.libertis,urn:cite:perseus:latlexent.lex32829.1
urn:cite:hclat:tokens.ligamus,urn:cite:perseus:latlexent.lex32911.1
urn:cite:hclat:tokens.lignariorum,urn:cite:perseus:latlexent.lex32900.1
urn:cite:hclat:tokens.ligni,urn:cite:perseus:latlexent.lex32909.1
urn:cite:hclat:tokens.liguriam,urn:cite:perseus:latlexent.lex32914.1
urn:cite:hclat:tokens.litavit,urn:cite:perseus:latlexent.lex33111.1
urn:cite:hclat:tokens.locar,urn:cite:perseus:latlexent.lex33259.1
urn:cite:hclat:tokens.locis,urn:cite:perseus:latlexent.lex33185.1
urn:cite:hclat:tokens.loco,urn:cite:perseus:latlexent.lex33173.1
urn:cite:hclat:tokens.loco,urn:cite:perseus:latlexent.lex33185.1
urn:cite:hclat:tokens.locorumque,urn:cite:perseus:latlexent.lex33185.1
urn:cite:hclat:tokens.locum,urn:cite:perseus:latlexent.lex33185.1
urn:cite:hclat:tokens.locus,urn:cite:perseus:latlexent.lex33185.1
urn:cite:hclat:tokens.luci,urn:cite:perseus:latlexent.lex33310.1
urn:cite:hclat:tokens.luci,urn:cite:perseus:latlexent.lex33528.1
urn:cite:hclat:tokens.luci,urn:cite:perseus:latlexent.lex33382.1
urn:cite:hclat:tokens.luci,urn:cite:perseus:latlexent.lex33329.1
urn:cite:hclat:tokens.lucie,urn:cite:perseus:latlexent.lex33329.1
urn:cite:hclat:tokens.lucii,urn:cite:perseus:latlexent.lex33329.1
urn:cite:hclat:tokens.lucio,urn:cite:perseus:latlexent.lex33329.1
urn:cite:hclat:tokens.lucius,urn:cite:perseus:latlexent.lex33329.1
urn:cite:hclat:tokens.magis,urn:cite:perseus:latlexent.lex33760.1
urn:cite:hclat:tokens.magis,urn:cite:perseus:latlexent.lex33706.1
urn:cite:hclat:tokens.magis,urn:cite:perseus:latlexent.lex33755.1
urn:cite:hclat:tokens.magis,urn:cite:perseus:latlexent.lex33707.1
urn:cite:hclat:tokens.magistratu,urn:cite:perseus:latlexent.lex33719.1
urn:cite:hclat:tokens.magistratu,urn:cite:perseus:latlexent.lex33717.1
urn:cite:hclat:tokens.magnitudine,urn:cite:perseus:latlexent.lex33753.1
urn:cite:hclat:tokens.maiestatique,urn:cite:perseus:latlexent.lex33771.1
urn:cite:hclat:tokens.male,urn:cite:perseus:latlexent.lex33876.1
urn:cite:hclat:tokens.male,urn:cite:perseus:latlexent.lex33873.1
urn:cite:hclat:tokens.male,urn:cite:perseus:latlexent.lex33868.1
urn:cite:hclat:tokens.male,urn:cite:perseus:latlexent.lex33874.1
urn:cite:hclat:tokens.maledicimus,urn:cite:perseus:latlexent.lex33803.1
urn:cite:hclat:tokens.maledictioni,urn:cite:perseus:latlexent.lex33804.1
urn:cite:hclat:tokens.mamma,urn:cite:perseus:latlexent.lex33889.1
urn:cite:hclat:tokens.mamma,urn:cite:perseus:latlexent.lex33883.1
urn:cite:hclat:tokens.mandaverat,urn:cite:perseus:latlexent.lex33926.1
urn:cite:hclat:tokens.mandavit,urn:cite:perseus:latlexent.lex33926.1
urn:cite:hclat:tokens.manibus,urn:cite:perseus:latlexent.lex34050.1
urn:cite:hclat:tokens.manus,urn:cite:perseus:latlexent.lex34050.1
urn:cite:hclat:tokens.marci,urn:cite:perseus:latlexent.lex34069.1
urn:cite:hclat:tokens.marco,urn:cite:perseus:latlexent.lex34069.1
urn:cite:hclat:tokens.marcus,urn:cite:perseus:latlexent.lex34069.1
urn:cite:hclat:tokens.martyrium,urn:cite:perseus:latlexent.lex34117.1
urn:cite:hclat:tokens.marum,urn:cite:perseus:latlexent.lex34119.1
urn:cite:hclat:tokens.marum,urn:cite:perseus:latlexent.lex34118.1
urn:cite:hclat:tokens.mater,urn:cite:perseus:latlexent.lex34160.1
urn:cite:hclat:tokens.matri,urn:cite:perseus:latlexent.lex34160.1
urn:cite:hclat:tokens.maximae,urn:cite:perseus:latlexent.lex33756.1
urn:cite:hclat:tokens.maximae,urn:cite:perseus:latlexent.lex34229.1
urn:cite:hclat:tokens.maximae,urn:cite:perseus:latlexent.lex33755.1
urn:cite:hclat:tokens.maximae,urn:cite:perseus:latlexent.lex35586.1
urn:cite:hclat:tokens.maximi,urn:cite:perseus:latlexent.lex35586.1
urn:cite:hclat:tokens.maximi,urn:cite:perseus:latlexent.lex34229.1
urn:cite:hclat:tokens.maximi,urn:cite:perseus:latlexent.lex33755.1
urn:cite:hclat:tokens.maximi,urn:cite:perseus:latlexent.lex33756.1
urn:cite:hclat:tokens.maximo,urn:cite:perseus:latlexent.lex35586.1
urn:cite:hclat:tokens.maximo,urn:cite:perseus:latlexent.lex34229.1
urn:cite:hclat:tokens.maximo,urn:cite:perseus:latlexent.lex33756.1
urn:cite:hclat:tokens.maximo,urn:cite:perseus:latlexent.lex33755.1
urn:cite:hclat:tokens.maximus,urn:cite:perseus:latlexent.lex33756.1
urn:cite:hclat:tokens.maximus,urn:cite:perseus:latlexent.lex34229.1
urn:cite:hclat:tokens.maximus,urn:cite:perseus:latlexent.lex33755.1
urn:cite:hclat:tokens.maximus,urn:cite:perseus:latlexent.lex35586.1
urn:cite:hclat:tokens.meae,urn:cite:perseus:latlexent.lex34731.1
urn:cite:hclat:tokens.medices,urn:cite:perseus:latlexent.lex34281.1
urn:cite:hclat:tokens.meis,urn:cite:perseus:latlexent.lex34730.1
urn:cite:hclat:tokens.meis,urn:cite:perseus:latlexent.lex34333.1
urn:cite:hclat:tokens.meis,urn:cite:perseus:latlexent.lex34731.1
urn:cite:hclat:tokens.meliora,urn:cite:perseus:latlexent.lex13657.1
urn:cite:hclat:tokens.meliora,urn:cite:perseus:latlexent.lex34377.1
urn:cite:hclat:tokens.meliori,urn:cite:perseus:latlexent.lex13657.1
urn:cite:hclat:tokens.membra,urn:cite:perseus:latlexent.lex34443.1
urn:cite:hclat:tokens.membra,urn:cite:perseus:latlexent.lex34445.1
urn:cite:hclat:tokens.memoria,urn:cite:perseus:latlexent.lex34450.1
urn:cite:hclat:tokens.memoria,urn:cite:perseus:latlexent.lex34463.1
urn:cite:hclat:tokens.mens,urn:cite:perseus:latlexent.lex34506.1
urn:cite:hclat:tokens.menses,urn:cite:perseus:latlexent.lex34512.1
urn:cite:hclat:tokens.mentis,urn:cite:perseus:latlexent.lex34532.1
urn:cite:hclat:tokens.mentis,urn:cite:perseus:latlexent.lex34506.1
urn:cite:hclat:tokens.mentis,urn:cite:perseus:latlexent.lex34548.1
urn:cite:hclat:tokens.mentis,urn:cite:perseus:latlexent.lex34541.1
urn:cite:hclat:tokens.meren,urn:cite:perseus:latlexent.lex34637.1
urn:cite:hclat:tokens.meren,urn:cite:perseus:latlexent.lex34589.1
urn:cite:hclat:tokens.meren,urn:cite:perseus:latlexent.lex34636.1
urn:cite:hclat:tokens.meren,urn:cite:perseus:latlexent.lex34590.1
urn:cite:hclat:tokens.merenti,urn:cite:perseus:latlexent.lex34590.1
urn:cite:hclat:tokens.merenti,urn:cite:perseus:latlexent.lex34589.1
urn:cite:hclat:tokens.merita,urn:cite:perseus:latlexent.lex34616.1
urn:cite:hclat:tokens.merita,urn:cite:perseus:latlexent.lex34618.1
urn:cite:hclat:tokens.merita,urn:cite:perseus:latlexent.lex34589.1
urn:cite:hclat:tokens.merita,urn:cite:perseus:latlexent.lex34590.1
urn:cite:hclat:tokens.meritum,urn:cite:perseus:latlexent.lex34618.1
urn:cite:hclat:tokens.meritum,urn:cite:perseus:latlexent.lex34590.1
urn:cite:hclat:tokens.meritum,urn:cite:perseus:latlexent.lex34589.1
urn:cite:hclat:tokens.metenti,urn:cite:perseus:latlexent.lex34705.1
urn:cite:hclat:tokens.mi,urn:cite:perseus:latlexent.lex34731.1
urn:cite:hclat:tokens.mi,urn:cite:perseus:latlexent.lex22435.1
urn:cite:hclat:tokens.mi,urn:cite:perseus:latlexent.lex35027.1
urn:cite:hclat:tokens.miae,urn:cite:perseus:latlexent.lex35027.1
urn:cite:hclat:tokens.miles,urn:cite:perseus:latlexent.lex34781.1
urn:cite:hclat:tokens.miles,urn:cite:perseus:latlexent.lex34760.1
urn:cite:hclat:tokens.militum,urn:cite:perseus:latlexent.lex34760.1
urn:cite:hclat:tokens.miniae,urn:cite:perseus:latlexent.lex34871.1
urn:cite:hclat:tokens.miscuit,urn:cite:perseus:latlexent.lex34935.1
urn:cite:hclat:tokens.moderatione,urn:cite:perseus:latlexent.lex35046.1
urn:cite:hclat:tokens.modi,urn:cite:perseus:latlexent.lex35072.1
urn:cite:hclat:tokens.modi,urn:cite:perseus:latlexent.lex35073.1
urn:cite:hclat:tokens.modi,urn:cite:perseus:latlexent.lex35086.1
urn:cite:hclat:tokens.mon,urn:cite:perseus:latlexent.lex35410.1
urn:cite:hclat:tokens.monachos,urn:cite:perseus:latlexent.lex35197.1
urn:cite:hclat:tokens.motu,urn:cite:perseus:latlexent.lex35428.1
urn:cite:hclat:tokens.motu,urn:cite:perseus:latlexent.lex35425.1
urn:cite:hclat:tokens.mula,urn:cite:perseus:latlexent.lex35454.1
urn:cite:hclat:tokens.mulsum,urn:cite:perseus:latlexent.lex35497.1
urn:cite:hclat:tokens.mulsum,urn:cite:perseus:latlexent.lex35459.1
urn:cite:hclat:tokens.multa,urn:cite:perseus:latlexent.lex35583.1
urn:cite:hclat:tokens.multa,urn:cite:perseus:latlexent.lex35586.1
urn:cite:hclat:tokens.multa,urn:cite:perseus:latlexent.lex35500.1
urn:cite:hclat:tokens.mun,urn:cite:perseus:latlexent.lex35430.1
urn:cite:hclat:tokens.mun,urn:cite:perseus:latlexent.lex35709.1
urn:cite:hclat:tokens.muneribus,urn:cite:perseus:latlexent.lex35652.1
urn:cite:hclat:tokens.municipi,urn:cite:perseus:latlexent.lex35622.1
urn:cite:hclat:tokens.municipi,urn:cite:perseus:latlexent.lex35629.1
urn:cite:hclat:tokens.municipio,urn:cite:perseus:latlexent.lex35629.1
urn:cite:hclat:tokens.munimenta,urn:cite:perseus:latlexent.lex35640.1
urn:cite:hclat:tokens.munimentis,urn:cite:perseus:latlexent.lex35640.1
urn:cite:hclat:tokens.mysteria,urn:cite:perseus:latlexent.lex35873.1
urn:cite:hclat:tokens.mystis,urn:cite:perseus:latlexent.lex35867.1
urn:cite:hclat:tokens.nae,urn:cite:perseus:latlexent.lex36087.1
urn:cite:hclat:tokens.nae,urn:cite:perseus:latlexent.lex36053.1
urn:cite:hclat:tokens.nam,urn:cite:perseus:latlexent.lex35905.1
urn:cite:hclat:tokens.natali,urn:cite:perseus:latlexent.lex35973.1
urn:cite:hclat:tokens.natali,urn:cite:perseus:latlexent.lex35974.1
urn:cite:hclat:tokens.navi,urn:cite:perseus:latlexent.lex36081.1
urn:cite:hclat:tokens.navi,urn:cite:perseus:latlexent.lex36075.1
urn:cite:hclat:tokens.navi,urn:cite:perseus:latlexent.lex36429.1
urn:cite:hclat:tokens.navicula,urn:cite:perseus:latlexent.lex36062.1
urn:cite:hclat:tokens.ne,urn:cite:perseus:latlexent.lex36085.1
urn:cite:hclat:tokens.ne,urn:cite:perseus:latlexent.lex36087.1
urn:cite:hclat:tokens.ne,urn:cite:perseus:latlexent.lex36208.1
urn:cite:hclat:tokens.near,urn:cite:perseus:latlexent.lex36208.1
urn:cite:hclat:tokens.negotiantes,urn:cite:perseus:latlexent.lex36189.1
urn:cite:hclat:tokens.nepos,urn:cite:perseus:latlexent.lex36223.1
urn:cite:hclat:tokens.nepoti,urn:cite:perseus:latlexent.lex36223.1
urn:cite:hclat:tokens.no,urn:cite:perseus:latlexent.lex36429.1
urn:cite:hclat:tokens.nobilissimus,urn:cite:perseus:latlexent.lex36430.1
urn:cite:hclat:tokens.nobis,urn:cite:perseus:latlexent.lex36551.1
urn:cite:hclat:tokens.nomine,urn:cite:perseus:latlexent.lex36485.1
urn:cite:hclat:tokens.nona,urn:cite:perseus:latlexent.lex36541.1
urn:cite:hclat:tokens.nona,urn:cite:perseus:latlexent.lex36505.1
urn:cite:hclat:tokens.noni,urn:cite:perseus:latlexent.lex36541.1
urn:cite:hclat:tokens.nono,urn:cite:perseus:latlexent.lex36541.1
urn:cite:hclat:tokens.nonus,urn:cite:perseus:latlexent.lex36541.1
urn:cite:hclat:tokens.nostro,urn:cite:perseus:latlexent.lex36560.1
urn:cite:hclat:tokens.numini,urn:cite:perseus:latlexent.lex36720.1
urn:cite:hclat:tokens.o,urn:cite:perseus:latlexent.lex5821.1
urn:cite:hclat:tokens.ob,urn:cite:perseus:latlexent.lex36853.1
urn:cite:hclat:tokens.obeliscum,urn:cite:perseus:latlexent.lex36898.1
urn:cite:hclat:tokens.oblationibus,urn:cite:perseus:latlexent.lex36958.1
urn:cite:hclat:tokens.obscurioribus,urn:cite:perseus:latlexent.lex37112.1
urn:cite:hclat:tokens.obtulit,urn:cite:perseus:latlexent.lex37622.1
urn:cite:hclat:tokens.olet,urn:cite:perseus:latlexent.lex37690.1
urn:cite:hclat:tokens.omni,urn:cite:perseus:latlexent.lex37789.1
urn:cite:hclat:tokens.omnibus,urn:cite:perseus:latlexent.lex37789.1
urn:cite:hclat:tokens.operis,urn:cite:perseus:latlexent.lex38032.1
urn:cite:hclat:tokens.operis,urn:cite:perseus:latlexent.lex37846.1
urn:cite:hclat:tokens.operis,urn:cite:perseus:latlexent.lex37858.1
urn:cite:hclat:tokens.opo,urn:cite:perseus:latlexent.lex37944.1
urn:cite:hclat:tokens.optato,urn:cite:perseus:latlexent.lex38019.1
urn:cite:hclat:tokens.optimae,urn:cite:perseus:latlexent.lex13657.1
urn:cite:hclat:tokens.optimis,urn:cite:perseus:latlexent.lex13657.1
urn:cite:hclat:tokens.optimo,urn:cite:perseus:latlexent.lex13657.1
urn:cite:hclat:tokens.optimus,urn:cite:perseus:latlexent.lex13657.1
urn:cite:hclat:tokens.opus,urn:cite:perseus:latlexent.lex38032.1
urn:cite:hclat:tokens.ordin,urn:cite:perseus:latlexent.lex38094.1
urn:cite:hclat:tokens.ordinario,urn:cite:perseus:latlexent.lex38085.1
urn:cite:hclat:tokens.ordini,urn:cite:perseus:latlexent.lex38096.1
urn:cite:hclat:tokens.ordo,urn:cite:perseus:latlexent.lex38096.1
urn:cite:hclat:tokens.ores,urn:cite:perseus:latlexent.lex38152.1
urn:cite:hclat:tokens.orientali,urn:cite:perseus:latlexent.lex38114.1
urn:cite:hclat:tokens.ornato,urn:cite:perseus:latlexent.lex38150.1
urn:cite:hclat:tokens.ovem,urn:cite:perseus:latlexent.lex38316.1
urn:cite:hclat:tokens.ovem,urn:cite:perseus:latlexent.lex38315.1
urn:cite:hclat:tokens.ovis,urn:cite:perseus:latlexent.lex38317.1
urn:cite:hclat:tokens.ovis,urn:cite:perseus:latlexent.lex38315.1
urn:cite:hclat:tokens.pacis,urn:cite:perseus:latlexent.lex39114.1
urn:cite:hclat:tokens.par,urn:cite:perseus:latlexent.lex38684.1
urn:cite:hclat:tokens.parentem,urn:cite:perseus:latlexent.lex38780.1
urn:cite:hclat:tokens.parentem,urn:cite:perseus:latlexent.lex38779.1
urn:cite:hclat:tokens.parentem,urn:cite:perseus:latlexent.lex38787.1
urn:cite:hclat:tokens.parentem,urn:cite:perseus:latlexent.lex38788.1
urn:cite:hclat:tokens.parentes,urn:cite:perseus:latlexent.lex38788.1
urn:cite:hclat:tokens.parentes,urn:cite:perseus:latlexent.lex38787.1
urn:cite:hclat:tokens.parentes,urn:cite:perseus:latlexent.lex38780.1
urn:cite:hclat:tokens.parentes,urn:cite:perseus:latlexent.lex38779.1
urn:cite:hclat:tokens.parte,urn:cite:perseus:latlexent.lex38816.1
urn:cite:hclat:tokens.parte,urn:cite:perseus:latlexent.lex38847.1
urn:cite:hclat:tokens.parte,urn:cite:perseus:latlexent.lex38815.1
urn:cite:hclat:tokens.parthenio,urn:cite:perseus:latlexent.lex38853.1
urn:cite:hclat:tokens.pater,urn:cite:perseus:latlexent.lex38979.1
urn:cite:hclat:tokens.patern,urn:cite:perseus:latlexent.lex38979.1
urn:cite:hclat:tokens.patre,urn:cite:perseus:latlexent.lex38979.1
urn:cite:hclat:tokens.patri,urn:cite:perseus:latlexent.lex38979.1
urn:cite:hclat:tokens.patri,urn:cite:perseus:latlexent.lex39031.1
urn:cite:hclat:tokens.patri,urn:cite:perseus:latlexent.lex39030.1
urn:cite:hclat:tokens.patriae,urn:cite:perseus:latlexent.lex39031.1
urn:cite:hclat:tokens.patriae,urn:cite:perseus:latlexent.lex39030.1
urn:cite:hclat:tokens.patriae,urn:cite:perseus:latlexent.lex39010.1
urn:cite:hclat:tokens.patris,urn:cite:perseus:latlexent.lex38979.1
urn:cite:hclat:tokens.patro,urn:cite:perseus:latlexent.lex39033.1
urn:cite:hclat:tokens.patron,urn:cite:perseus:latlexent.lex39033.1
urn:cite:hclat:tokens.patroni,urn:cite:perseus:latlexent.lex39041.1
urn:cite:hclat:tokens.patrono,urn:cite:perseus:latlexent.lex39041.1
urn:cite:hclat:tokens.patronus,urn:cite:perseus:latlexent.lex39041.1
urn:cite:hclat:tokens.per,urn:cite:perseus:latlexent.lex39400.1
urn:cite:hclat:tokens.perculerat,urn:cite:perseus:latlexent.lex39492.1
urn:cite:hclat:tokens.peregrinis,urn:cite:perseus:latlexent.lex39652.1
urn:cite:hclat:tokens.perpetuom,urn:cite:perseus:latlexent.lex40168.1
urn:cite:hclat:tokens.pertinaci,urn:cite:perseus:latlexent.lex40409.1
urn:cite:hclat:tokens.pertinacis,urn:cite:perseus:latlexent.lex40409.1
urn:cite:hclat:tokens.pertinax,urn:cite:perseus:latlexent.lex40409.1
urn:cite:hclat:tokens.peteret,urn:cite:perseus:latlexent.lex40596.1
urn:cite:hclat:tokens.petronio,urn:cite:perseus:latlexent.lex40607.1
urn:cite:hclat:tokens.piae,urn:cite:perseus:latlexent.lex40840.1
urn:cite:hclat:tokens.piae,urn:cite:perseus:latlexent.lex41025.1
urn:cite:hclat:tokens.pice,urn:cite:perseus:latlexent.lex40835.1
urn:cite:hclat:tokens.pietas,urn:cite:perseus:latlexent.lex40838.1
urn:cite:hclat:tokens.pietatis,urn:cite:perseus:latlexent.lex40838.1
urn:cite:hclat:tokens.pii,urn:cite:perseus:latlexent.lex41025.1
urn:cite:hclat:tokens.piissimae,urn:cite:perseus:latlexent.lex41025.1
urn:cite:hclat:tokens.piissimo,urn:cite:perseus:latlexent.lex41025.1
urn:cite:hclat:tokens.pio,urn:cite:perseus:latlexent.lex40939.1
urn:cite:hclat:tokens.pio,urn:cite:perseus:latlexent.lex41025.1
urn:cite:hclat:tokens.pius,urn:cite:perseus:latlexent.lex41025.1
urn:cite:hclat:tokens.plotius,urn:cite:perseus:latlexent.lex41152.1
urn:cite:hclat:tokens.poena,urn:cite:perseus:latlexent.lex41291.1
urn:cite:hclat:tokens.ponendam,urn:cite:perseus:latlexent.lex41450.1
urn:cite:hclat:tokens.ponentem,urn:cite:perseus:latlexent.lex41450.1
urn:cite:hclat:tokens.ponti,urn:cite:perseus:latlexent.lex41461.1
urn:cite:hclat:tokens.ponti,urn:cite:perseus:latlexent.lex41451.1
urn:cite:hclat:tokens.pontifex,urn:cite:perseus:latlexent.lex41453.1
urn:cite:hclat:tokens.pontifici,urn:cite:perseus:latlexent.lex41456.1
urn:cite:hclat:tokens.pontifici,urn:cite:perseus:latlexent.lex41453.1
urn:cite:hclat:tokens.populi,urn:cite:perseus:latlexent.lex41503.1
urn:cite:hclat:tokens.populi,urn:cite:perseus:latlexent.lex41502.1
urn:cite:hclat:tokens.populorum,urn:cite:perseus:latlexent.lex41503.1
urn:cite:hclat:tokens.populorum,urn:cite:perseus:latlexent.lex41502.1
urn:cite:hclat:tokens.populus,urn:cite:perseus:latlexent.lex41502.1
urn:cite:hclat:tokens.populus,urn:cite:perseus:latlexent.lex41503.1
urn:cite:hclat:tokens.populusque,urn:cite:perseus:latlexent.lex41502.1
urn:cite:hclat:tokens.populusque,urn:cite:perseus:latlexent.lex41503.1
urn:cite:hclat:tokens.portam,urn:cite:perseus:latlexent.lex41547.1
urn:cite:hclat:tokens.porticus,urn:cite:perseus:latlexent.lex41564.1
urn:cite:hclat:tokens.positae,urn:cite:perseus:latlexent.lex41450.1
urn:cite:hclat:tokens.post,urn:cite:perseus:latlexent.lex41608.1
urn:cite:hclat:tokens.posteris,urn:cite:perseus:latlexent.lex41623.1
urn:cite:hclat:tokens.posterisque,urn:cite:perseus:latlexent.lex41623.1
urn:cite:hclat:tokens.postumius,urn:cite:perseus:latlexent.lex41680.1
urn:cite:hclat:tokens.posuit,urn:cite:perseus:latlexent.lex41450.1
urn:cite:hclat:tokens.potes,urn:cite:perseus:latlexent.lex41607.1
urn:cite:hclat:tokens.potes,urn:cite:perseus:latlexent.lex41725.1
urn:cite:hclat:tokens.potest,urn:cite:perseus:latlexent.lex41607.1
urn:cite:hclat:tokens.potest,urn:cite:perseus:latlexent.lex41715.1
urn:cite:hclat:tokens.potestas,urn:cite:perseus:latlexent.lex41702.1
urn:cite:hclat:tokens.potestate,urn:cite:perseus:latlexent.lex41702.1
urn:cite:hclat:tokens.potestatem,urn:cite:perseus:latlexent.lex41702.1
urn:cite:hclat:tokens.potestati,urn:cite:perseus:latlexent.lex41702.1
urn:cite:hclat:tokens.potis,urn:cite:perseus:latlexent.lex41715.1
urn:cite:hclat:tokens.potis,urn:cite:perseus:latlexent.lex41710.1
urn:cite:hclat:tokens.potis,urn:cite:perseus:latlexent.lex41713.1
urn:cite:hclat:tokens.potius,urn:cite:perseus:latlexent.lex41715.1
urn:cite:hclat:tokens.praecipuo,urn:cite:perseus:latlexent.lex41822.1
urn:cite:hclat:tokens.praefecto,urn:cite:perseus:latlexent.lex41995.1
urn:cite:hclat:tokens.praefecto,urn:cite:perseus:latlexent.lex41982.1
urn:cite:hclat:tokens.praefecto,urn:cite:perseus:latlexent.lex41981.1
urn:cite:hclat:tokens.praefectus,urn:cite:perseus:latlexent.lex41982.1
urn:cite:hclat:tokens.praefectus,urn:cite:perseus:latlexent.lex41981.1
urn:cite:hclat:tokens.praefectus,urn:cite:perseus:latlexent.lex41995.1
urn:cite:hclat:tokens.praei,urn:cite:perseus:latlexent.lex41963.1
urn:cite:hclat:tokens.praemia,urn:cite:perseus:latlexent.lex42166.1
urn:cite:hclat:tokens.praeposito,urn:cite:perseus:latlexent.lex42267.1
urn:cite:hclat:tokens.praeposito,urn:cite:perseus:latlexent.lex42261.1
urn:cite:hclat:tokens.praete,urn:cite:perseus:latlexent.lex42548.1
urn:cite:hclat:tokens.praetextatae,urn:cite:perseus:latlexent.lex42532.1
urn:cite:hclat:tokens.praetore,urn:cite:perseus:latlexent.lex42541.1
urn:cite:hclat:tokens.praetori,urn:cite:perseus:latlexent.lex42541.1
urn:cite:hclat:tokens.praetori,urn:cite:perseus:latlexent.lex42547.1
urn:cite:hclat:tokens.praetori,urn:cite:perseus:latlexent.lex42546.1
urn:cite:hclat:tokens.praetorio,urn:cite:perseus:latlexent.lex42547.1
urn:cite:hclat:tokens.praetorio,urn:cite:perseus:latlexent.lex42546.1
urn:cite:hclat:tokens.prima,urn:cite:perseus:latlexent.lex42742.1
urn:cite:hclat:tokens.primae,urn:cite:perseus:latlexent.lex42742.1
urn:cite:hclat:tokens.primigeniae,urn:cite:perseus:latlexent.lex42711.1
urn:cite:hclat:tokens.primitiva,urn:cite:perseus:latlexent.lex42723.1
urn:cite:hclat:tokens.primo,urn:cite:perseus:latlexent.lex42726.1
urn:cite:hclat:tokens.primo,urn:cite:perseus:latlexent.lex42742.1
urn:cite:hclat:tokens.primus,urn:cite:perseus:latlexent.lex42742.1
urn:cite:hclat:tokens.principi,urn:cite:perseus:latlexent.lex42743.1
urn:cite:hclat:tokens.principi,urn:cite:perseus:latlexent.lex42750.1
urn:cite:hclat:tokens.principibus,urn:cite:perseus:latlexent.lex42743.1
urn:cite:hclat:tokens.principis,urn:cite:perseus:latlexent.lex42743.1
urn:cite:hclat:tokens.principis,urn:cite:perseus:latlexent.lex42750.1
urn:cite:hclat:tokens.principum,urn:cite:perseus:latlexent.lex42743.1
urn:cite:hclat:tokens.priscae,urn:cite:perseus:latlexent.lex42757.1
urn:cite:hclat:tokens.privata,urn:cite:perseus:latlexent.lex42780.1
urn:cite:hclat:tokens.privatos,urn:cite:perseus:latlexent.lex42773.1
urn:cite:hclat:tokens.privatos,urn:cite:perseus:latlexent.lex42780.1
urn:cite:hclat:tokens.pro,urn:cite:perseus:latlexent.lex42784.1
urn:cite:hclat:tokens.pro,urn:cite:perseus:latlexent.lex42783.1
urn:cite:hclat:tokens.probarunt,urn:cite:perseus:latlexent.lex42813.1
urn:cite:hclat:tokens.probo,urn:cite:perseus:latlexent.lex42823.1
urn:cite:hclat:tokens.probo,urn:cite:perseus:latlexent.lex42813.1
urn:cite:hclat:tokens.proconsul,urn:cite:perseus:latlexent.lex42879.1
urn:cite:hclat:tokens.proconsuli,urn:cite:perseus:latlexent.lex42880.1
urn:cite:hclat:tokens.proconsuli,urn:cite:perseus:latlexent.lex42879.1
urn:cite:hclat:tokens.procos,urn:cite:perseus:latlexent.lex42918.1
urn:cite:hclat:tokens.procos,urn:cite:perseus:latlexent.lex42919.1
urn:cite:hclat:tokens.procurator,urn:cite:perseus:latlexent.lex42904.1
urn:cite:hclat:tokens.procuratori,urn:cite:perseus:latlexent.lex42905.1
urn:cite:hclat:tokens.procuratori,urn:cite:perseus:latlexent.lex42904.1
urn:cite:hclat:tokens.prodere,urn:cite:perseus:latlexent.lex42951.1
urn:cite:hclat:tokens.profanis,urn:cite:perseus:latlexent.lex42984.1
urn:cite:hclat:tokens.promeruit,urn:cite:perseus:latlexent.lex43153.1
urn:cite:hclat:tokens.promoto,urn:cite:perseus:latlexent.lex43185.1
urn:cite:hclat:tokens.promoto,urn:cite:perseus:latlexent.lex43183.1
urn:cite:hclat:tokens.pron,urn:cite:perseus:latlexent.lex42783.1
urn:cite:hclat:tokens.pron,urn:cite:perseus:latlexent.lex42784.1
urn:cite:hclat:tokens.pronepos,urn:cite:perseus:latlexent.lex43218.1
urn:cite:hclat:tokens.propagatum,urn:cite:perseus:latlexent.lex43252.1
urn:cite:hclat:tokens.propugnaculis,urn:cite:perseus:latlexent.lex43352.1
urn:cite:hclat:tokens.provincia,urn:cite:perseus:latlexent.lex43591.1
urn:cite:hclat:tokens.provinciae,urn:cite:perseus:latlexent.lex43591.1
urn:cite:hclat:tokens.prudentiae,urn:cite:perseus:latlexent.lex43631.1
urn:cite:hclat:tokens.publicam,urn:cite:perseus:latlexent.lex43752.1
urn:cite:hclat:tokens.publicarum,urn:cite:perseus:latlexent.lex43752.1
urn:cite:hclat:tokens.publici,urn:cite:perseus:latlexent.lex43752.1
urn:cite:hclat:tokens.publico,urn:cite:perseus:latlexent.lex43751.1
urn:cite:hclat:tokens.publico,urn:cite:perseus:latlexent.lex43752.1
urn:cite:hclat:tokens.publicorum,urn:cite:perseus:latlexent.lex43752.1
urn:cite:hclat:tokens.quae,urn:cite:perseus:latlexent.lex44536.1
urn:cite:hclat:tokens.quae,urn:cite:perseus:latlexent.lex44410.1
urn:cite:hclat:tokens.quae,urn:cite:perseus:latlexent.lex44409.1
urn:cite:hclat:tokens.quae,urn:cite:perseus:latlexent.lex44537.1
urn:cite:hclat:tokens.quaestori,urn:cite:perseus:latlexent.lex44253.1
urn:cite:hclat:tokens.quaestori,urn:cite:perseus:latlexent.lex44251.1
urn:cite:hclat:tokens.quam,urn:cite:perseus:latlexent.lex44410.1
urn:cite:hclat:tokens.quam,urn:cite:perseus:latlexent.lex44409.1
urn:cite:hclat:tokens.quam,urn:cite:perseus:latlexent.lex44271.1
urn:cite:hclat:tokens.qui,urn:cite:perseus:latlexent.lex44537.1
urn:cite:hclat:tokens.qui,urn:cite:perseus:latlexent.lex44409.1
urn:cite:hclat:tokens.qui,urn:cite:perseus:latlexent.lex44536.1
urn:cite:hclat:tokens.qui,urn:cite:perseus:latlexent.lex44410.1
urn:cite:hclat:tokens.quicumque,urn:cite:perseus:latlexent.lex44417.1
urn:cite:hclat:tokens.quinctius,urn:cite:perseus:latlexent.lex44524.1
urn:cite:hclat:tokens.quinquennali,urn:cite:perseus:latlexent.lex44489.1
urn:cite:hclat:tokens.quinquennalis,urn:cite:perseus:latlexent.lex44489.1
urn:cite:hclat:tokens.quinti,urn:cite:perseus:latlexent.lex44524.1
urn:cite:hclat:tokens.quinto,urn:cite:perseus:latlexent.lex44524.1
urn:cite:hclat:tokens.quis,urn:cite:perseus:latlexent.lex44380.1
urn:cite:hclat:tokens.quis,urn:cite:perseus:latlexent.lex44537.1
urn:cite:hclat:tokens.quis,urn:cite:perseus:latlexent.lex44536.1
urn:cite:hclat:tokens.quo,urn:cite:perseus:latlexent.lex44410.1
urn:cite:hclat:tokens.quo,urn:cite:perseus:latlexent.lex44550.1
urn:cite:hclat:tokens.quo,urn:cite:perseus:latlexent.lex44537.1
urn:cite:hclat:tokens.quo,urn:cite:perseus:latlexent.lex44536.1
urn:cite:hclat:tokens.quod,urn:cite:perseus:latlexent.lex44409.1
urn:cite:hclat:tokens.quod,urn:cite:perseus:latlexent.lex44410.1
urn:cite:hclat:tokens.quos,urn:cite:perseus:latlexent.lex44537.1
urn:cite:hclat:tokens.quos,urn:cite:perseus:latlexent.lex44409.1
urn:cite:hclat:tokens.quos,urn:cite:perseus:latlexent.lex44410.1
urn:cite:hclat:tokens.quos,urn:cite:perseus:latlexent.lex44536.1
urn:cite:hclat:tokens.quot,urn:cite:perseus:latlexent.lex44587.1
urn:cite:hclat:tokens.rabidis,urn:cite:perseus:latlexent.lex44613.1
urn:cite:hclat:tokens.raptor,urn:cite:perseus:latlexent.lex44708.1
urn:cite:hclat:tokens.raptor,urn:cite:perseus:latlexent.lex44707.1
urn:cite:hclat:tokens.rapuit,urn:cite:perseus:latlexent.lex44699.1
urn:cite:hclat:tokens.rarissimae,urn:cite:perseus:latlexent.lex44725.1
urn:cite:hclat:tokens.rasin,urn:cite:perseus:latlexent.lex44650.1
urn:cite:hclat:tokens.rasin,urn:cite:perseus:latlexent.lex44729.1
urn:cite:hclat:tokens.ravenn,urn:cite:perseus:latlexent.lex44778.1
urn:cite:hclat:tokens.ravenn,urn:cite:perseus:latlexent.lex44777.1
urn:cite:hclat:tokens.ravi,urn:cite:perseus:latlexent.lex44778.1
urn:cite:hclat:tokens.ravi,urn:cite:perseus:latlexent.lex44777.1
urn:cite:hclat:tokens.ravi,urn:cite:perseus:latlexent.lex44774.1
urn:cite:hclat:tokens.re,urn:cite:perseus:latlexent.lex46282.1
urn:cite:hclat:tokens.re,urn:cite:perseus:latlexent.lex45437.1
urn:cite:hclat:tokens.re,urn:cite:perseus:latlexent.lex45597.1
urn:cite:hclat:tokens.rector,urn:cite:perseus:latlexent.lex44957.1
urn:cite:hclat:tokens.redacta,urn:cite:perseus:latlexent.lex45026.1
urn:cite:hclat:tokens.reddit,urn:cite:perseus:latlexent.lex45009.1
urn:cite:hclat:tokens.redemptionis,urn:cite:perseus:latlexent.lex45011.1
urn:cite:hclat:tokens.refecit,urn:cite:perseus:latlexent.lex45097.1
urn:cite:hclat:tokens.rege,urn:cite:perseus:latlexent.lex45212.1
urn:cite:hclat:tokens.rege,urn:cite:perseus:latlexent.lex45939.1
urn:cite:hclat:tokens.regionis,urn:cite:perseus:latlexent.lex45200.1
urn:cite:hclat:tokens.regni,urn:cite:perseus:latlexent.lex45211.1
urn:cite:hclat:tokens.rei,urn:cite:perseus:latlexent.lex45867.1
urn:cite:hclat:tokens.rei,urn:cite:perseus:latlexent.lex45018.1
urn:cite:hclat:tokens.rei,urn:cite:perseus:latlexent.lex45597.1
urn:cite:hclat:tokens.reliquo,urn:cite:perseus:latlexent.lex45293.1
urn:cite:hclat:tokens.rem,urn:cite:perseus:latlexent.lex45597.1
urn:cite:hclat:tokens.res,urn:cite:perseus:latlexent.lex45437.1
urn:cite:hclat:tokens.res,urn:cite:perseus:latlexent.lex45597.1
urn:cite:hclat:tokens.restituerunt,urn:cite:perseus:latlexent.lex45729.1
urn:cite:hclat:tokens.restituit,urn:cite:perseus:latlexent.lex45729.1
urn:cite:hclat:tokens.restituta,urn:cite:perseus:latlexent.lex45729.1
urn:cite:hclat:tokens.restitutam,urn:cite:perseus:latlexent.lex45729.1
urn:cite:hclat:tokens.rexit,urn:cite:perseus:latlexent.lex45212.1
urn:cite:hclat:tokens.ro,urn:cite:perseus:latlexent.lex46282.1
urn:cite:hclat:tokens.rubeis,urn:cite:perseus:latlexent.lex46170.1
urn:cite:hclat:tokens.rubeis,urn:cite:perseus:latlexent.lex46171.1
urn:cite:hclat:tokens.rufae,urn:cite:perseus:latlexent.lex46218.1
urn:cite:hclat:tokens.rufus,urn:cite:perseus:latlexent.lex46218.1
urn:cite:hclat:tokens.ruinas,urn:cite:perseus:latlexent.lex46228.1
urn:cite:hclat:tokens.rum,urn:cite:perseus:latlexent.lex46282.1
urn:cite:hclat:tokens.sacerdos,urn:cite:perseus:latlexent.lex46357.1
urn:cite:hclat:tokens.sacramenta,urn:cite:perseus:latlexent.lex46370.1
urn:cite:hclat:tokens.sacrarum,urn:cite:perseus:latlexent.lex46356.1
urn:cite:hclat:tokens.sacri,urn:cite:perseus:latlexent.lex46356.1
urn:cite:hclat:tokens.sacri,urn:cite:perseus:latlexent.lex46397.1
urn:cite:hclat:tokens.sacris,urn:cite:perseus:latlexent.lex46356.1
urn:cite:hclat:tokens.sacris,urn:cite:perseus:latlexent.lex46397.1
urn:cite:hclat:tokens.sacrum,urn:cite:perseus:latlexent.lex46397.1
urn:cite:hclat:tokens.sacrum,urn:cite:perseus:latlexent.lex46356.1
urn:cite:hclat:tokens.salio,urn:cite:perseus:latlexent.lex46496.1
urn:cite:hclat:tokens.salio,urn:cite:perseus:latlexent.lex46497.1
urn:cite:hclat:tokens.saluti,urn:cite:perseus:latlexent.lex46561.1
urn:cite:hclat:tokens.salutis,urn:cite:perseus:latlexent.lex46561.1
urn:cite:hclat:tokens.sana,urn:cite:perseus:latlexent.lex46668.1
urn:cite:hclat:tokens.sana,urn:cite:perseus:latlexent.lex46666.1
urn:cite:hclat:tokens.sanctum,urn:cite:perseus:latlexent.lex46609.1
urn:cite:hclat:tokens.sanctum,urn:cite:perseus:latlexent.lex46625.1
urn:cite:hclat:tokens.saxis,urn:cite:perseus:latlexent.lex46850.1
urn:cite:hclat:tokens.scarum,urn:cite:perseus:latlexent.lex46936.1
urn:cite:hclat:tokens.sci,urn:cite:perseus:latlexent.lex47012.1
urn:cite:hclat:tokens.sci,urn:cite:perseus:latlexent.lex47047.1
urn:cite:hclat:tokens.secunda,urn:cite:perseus:latlexent.lex47769.1
urn:cite:hclat:tokens.secunda,urn:cite:perseus:latlexent.lex47268.1
urn:cite:hclat:tokens.secunda,urn:cite:perseus:latlexent.lex47270.1
urn:cite:hclat:tokens.secundae,urn:cite:perseus:latlexent.lex47769.1
urn:cite:hclat:tokens.secundae,urn:cite:perseus:latlexent.lex47270.1
urn:cite:hclat:tokens.secundo,urn:cite:perseus:latlexent.lex47267.1
urn:cite:hclat:tokens.secundo,urn:cite:perseus:latlexent.lex47270.1
urn:cite:hclat:tokens.secundo,urn:cite:perseus:latlexent.lex47769.1
urn:cite:hclat:tokens.secundo,urn:cite:perseus:latlexent.lex47268.1
urn:cite:hclat:tokens.secundus,urn:cite:perseus:latlexent.lex47769.1
urn:cite:hclat:tokens.secundus,urn:cite:perseus:latlexent.lex47270.1
urn:cite:hclat:tokens.semper,urn:cite:perseus:latlexent.lex47565.1
urn:cite:hclat:tokens.senatus,urn:cite:perseus:latlexent.lex47584.1
urn:cite:hclat:tokens.senior,urn:cite:perseus:latlexent.lex47594.1
urn:cite:hclat:tokens.senior,urn:cite:perseus:latlexent.lex47595.1
urn:cite:hclat:tokens.septe,urn:cite:perseus:latlexent.lex46414.1
urn:cite:hclat:tokens.septi,urn:cite:perseus:latlexent.lex46414.1
urn:cite:hclat:tokens.septimi,urn:cite:perseus:latlexent.lex47720.1
urn:cite:hclat:tokens.septimius,urn:cite:perseus:latlexent.lex47720.1
urn:cite:hclat:tokens.serapione,urn:cite:perseus:latlexent.lex47775.1
urn:cite:hclat:tokens.serapione,urn:cite:perseus:latlexent.lex47774.1
urn:cite:hclat:tokens.serit,urn:cite:perseus:latlexent.lex47816.1
urn:cite:hclat:tokens.serit,urn:cite:perseus:latlexent.lex47815.1
urn:cite:hclat:tokens.servius,urn:cite:perseus:latlexent.lex47878.1
urn:cite:hclat:tokens.severa,urn:cite:perseus:latlexent.lex47949.1
urn:cite:hclat:tokens.severae,urn:cite:perseus:latlexent.lex47949.1
urn:cite:hclat:tokens.severi,urn:cite:perseus:latlexent.lex47949.1
urn:cite:hclat:tokens.severo,urn:cite:perseus:latlexent.lex47949.1
urn:cite:hclat:tokens.severo,urn:cite:perseus:latlexent.lex47815.1
urn:cite:hclat:tokens.severus,urn:cite:perseus:latlexent.lex47949.1
urn:cite:hclat:tokens.sevir,urn:cite:perseus:latlexent.lex47950.1
urn:cite:hclat:tokens.sex,urn:cite:perseus:latlexent.lex47955.1
urn:cite:hclat:tokens.sibi,urn:cite:perseus:latlexent.lex50120.1
urn:cite:hclat:tokens.sicuti,urn:cite:perseus:latlexent.lex48051.1
urn:cite:hclat:tokens.siluri,urn:cite:perseus:latlexent.lex48136.1
urn:cite:hclat:tokens.sima,urn:cite:perseus:latlexent.lex48200.1
urn:cite:hclat:tokens.sima,urn:cite:perseus:latlexent.lex48149.1
urn:cite:hclat:tokens.sima,urn:cite:perseus:latlexent.lex48165.1
urn:cite:hclat:tokens.simae,urn:cite:perseus:latlexent.lex48200.1
urn:cite:hclat:tokens.simae,urn:cite:perseus:latlexent.lex48149.1
urn:cite:hclat:tokens.sine,urn:cite:perseus:latlexent.lex48245.1
urn:cite:hclat:tokens.sine,urn:cite:perseus:latlexent.lex48215.1
urn:cite:hclat:tokens.sine,urn:cite:perseus:latlexent.lex48240.1
urn:cite:hclat:tokens.sit,urn:cite:perseus:latlexent.lex50141.1
urn:cite:hclat:tokens.sita,urn:cite:perseus:latlexent.lex48240.1
urn:cite:hclat:tokens.sitae,urn:cite:perseus:latlexent.lex48240.1
urn:cite:hclat:tokens.situ,urn:cite:perseus:latlexent.lex48240.1
urn:cite:hclat:tokens.sodali,urn:cite:perseus:latlexent.lex48371.1
urn:cite:hclat:tokens.sol,urn:cite:perseus:latlexent.lex48376.1
urn:cite:hclat:tokens.sophiae,urn:cite:perseus:latlexent.lex48516.1
urn:cite:hclat:tokens.spectacula,urn:cite:perseus:latlexent.lex48652.1
urn:cite:hclat:tokens.splendidis,urn:cite:perseus:latlexent.lex48792.1
urn:cite:hclat:tokens.stator,urn:cite:perseus:latlexent.lex48975.1
urn:cite:hclat:tokens.statuam,urn:cite:perseus:latlexent.lex48985.1
urn:cite:hclat:tokens.statuam,urn:cite:perseus:latlexent.lex48976.1
urn:cite:hclat:tokens.statuis,urn:cite:perseus:latlexent.lex48976.1
urn:cite:hclat:tokens.statuis,urn:cite:perseus:latlexent.lex48985.1
urn:cite:hclat:tokens.statum,urn:cite:perseus:latlexent.lex49117.1
urn:cite:hclat:tokens.statum,urn:cite:perseus:latlexent.lex48989.1
urn:cite:hclat:tokens.stephanum,urn:cite:perseus:latlexent.lex49016.1
urn:cite:hclat:tokens.struendum,urn:cite:perseus:latlexent.lex49266.1
urn:cite:hclat:tokens.sua,urn:cite:perseus:latlexent.lex50781.1
urn:cite:hclat:tokens.suae,urn:cite:perseus:latlexent.lex50781.1
urn:cite:hclat:tokens.subiaceat,urn:cite:perseus:latlexent.lex49532.1
urn:cite:hclat:tokens.subtraxerit,urn:cite:perseus:latlexent.lex49823.1
urn:cite:hclat:tokens.successoribus,urn:cite:perseus:latlexent.lex49904.1
urn:cite:hclat:tokens.suis,urn:cite:perseus:latlexent.lex50704.1
urn:cite:hclat:tokens.suis,urn:cite:perseus:latlexent.lex50781.1
urn:cite:hclat:tokens.suis,urn:cite:perseus:latlexent.lex50210.1
urn:cite:hclat:tokens.sunt,urn:cite:perseus:latlexent.lex50141.1
urn:cite:hclat:tokens.suo,urn:cite:perseus:latlexent.lex50781.1
urn:cite:hclat:tokens.suo,urn:cite:perseus:latlexent.lex50210.1
urn:cite:hclat:tokens.superstitione,urn:cite:perseus:latlexent.lex50492.1
urn:cite:hclat:tokens.supra,urn:cite:perseus:latlexent.lex50627.1
urn:cite:hclat:tokens.sustinens,urn:cite:perseus:latlexent.lex50756.1
urn:cite:hclat:tokens.syntropho,urn:cite:perseus:latlexent.lex50864.1
urn:cite:hclat:tokens.tabulis,urn:cite:perseus:latlexent.lex50905.1
urn:cite:hclat:tokens.tam,urn:cite:perseus:latlexent.lex50976.1
urn:cite:hclat:tokens.tamen,urn:cite:perseus:latlexent.lex50981.1
urn:cite:hclat:tokens.tanti,urn:cite:perseus:latlexent.lex51006.1
urn:cite:hclat:tokens.tat,urn:cite:perseus:latlexent.lex51039.1
urn:cite:hclat:tokens.te,urn:cite:perseus:latlexent.lex52472.1
urn:cite:hclat:tokens.tectum,urn:cite:perseus:latlexent.lex51105.1
urn:cite:hclat:tokens.tectum,urn:cite:perseus:latlexent.lex51091.1
urn:cite:hclat:tokens.templum,urn:cite:perseus:latlexent.lex51168.1
urn:cite:hclat:tokens.tempore,urn:cite:perseus:latlexent.lex51184.1
urn:cite:hclat:tokens.teneatur,urn:cite:perseus:latlexent.lex51212.1
urn:cite:hclat:tokens.ter,urn:cite:perseus:latlexent.lex51266.1
urn:cite:hclat:tokens.terra,urn:cite:perseus:latlexent.lex51320.1
urn:cite:hclat:tokens.terrae,urn:cite:perseus:latlexent.lex51320.1
urn:cite:hclat:tokens.tertium,urn:cite:perseus:latlexent.lex51369.1
urn:cite:hclat:tokens.tertius,urn:cite:perseus:latlexent.lex51369.1
urn:cite:hclat:tokens.test,urn:cite:perseus:latlexent.lex52472.1
urn:cite:hclat:tokens.testamento,urn:cite:perseus:latlexent.lex51391.1
urn:cite:hclat:tokens.theatrum,urn:cite:perseus:latlexent.lex51493.1
urn:cite:hclat:tokens.thecae,urn:cite:perseus:latlexent.lex51494.1
urn:cite:hclat:tokens.thermarum,urn:cite:perseus:latlexent.lex51514.1
urn:cite:hclat:tokens.titulo,urn:cite:perseus:latlexent.lex51670.1
urn:cite:hclat:tokens.titulo,urn:cite:perseus:latlexent.lex51671.1
urn:cite:hclat:tokens.titulos,urn:cite:perseus:latlexent.lex51671.1
urn:cite:hclat:tokens.tradant,urn:cite:perseus:latlexent.lex51866.1
urn:cite:hclat:tokens.trai,urn:cite:perseus:latlexent.lex51962.1
urn:cite:hclat:tokens.transtulit,urn:cite:perseus:latlexent.lex51966.1
urn:cite:hclat:tokens.tribunicia,urn:cite:perseus:latlexent.lex52180.1
urn:cite:hclat:tokens.tribuniciae,urn:cite:perseus:latlexent.lex52180.1
urn:cite:hclat:tokens.tribuno,urn:cite:perseus:latlexent.lex52181.1
urn:cite:hclat:tokens.tribunus,urn:cite:perseus:latlexent.lex52181.1
urn:cite:hclat:tokens.tricenum,urn:cite:perseus:latlexent.lex52196.1
urn:cite:hclat:tokens.tridui,urn:cite:perseus:latlexent.lex52238.1
urn:cite:hclat:tokens.triumphis,urn:cite:perseus:latlexent.lex52401.1
urn:cite:hclat:tokens.tropaeum,urn:cite:perseus:latlexent.lex52426.1
urn:cite:hclat:tokens.tropaeum,urn:cite:perseus:latlexent.lex52425.1
urn:cite:hclat:tokens.tu,urn:cite:perseus:latlexent.lex52472.1
urn:cite:hclat:tokens.tulerat,urn:cite:perseus:latlexent.lex24946.1
urn:cite:hclat:tokens.tuo,urn:cite:perseus:latlexent.lex52651.1
urn:cite:hclat:tokens.tyranno,urn:cite:perseus:latlexent.lex52675.1
urn:cite:hclat:tokens.ultus,urn:cite:perseus:latlexent.lex52704.1
urn:cite:hclat:tokens.uno,urn:cite:perseus:latlexent.lex52929.1
urn:cite:hclat:tokens.uno,urn:cite:perseus:latlexent.lex52925.1
urn:cite:hclat:tokens.urbanae,urn:cite:perseus:latlexent.lex52941.1
urn:cite:hclat:tokens.urbanus,urn:cite:perseus:latlexent.lex52941.1
urn:cite:hclat:tokens.urbi,urn:cite:perseus:latlexent.lex52946.1
urn:cite:hclat:tokens.urbis,urn:cite:perseus:latlexent.lex52946.1
urn:cite:hclat:tokens.ut,urn:cite:perseus:latlexent.lex53023.1
urn:cite:hclat:tokens.uti,urn:cite:perseus:latlexent.lex53049.1
urn:cite:hclat:tokens.uti,urn:cite:perseus:latlexent.lex53040.1
urn:cite:hclat:tokens.uti,urn:cite:perseus:latlexent.lex53050.1
urn:cite:hclat:tokens.uxor,urn:cite:perseus:latlexent.lex53085.1
urn:cite:hclat:tokens.uxori,urn:cite:perseus:latlexent.lex53085.1
urn:cite:hclat:tokens.uxori,urn:cite:perseus:latlexent.lex53087.1
urn:cite:hclat:tokens.valenti,urn:cite:perseus:latlexent.lex53148.1
urn:cite:hclat:tokens.valeriae,urn:cite:perseus:latlexent.lex53149.1
urn:cite:hclat:tokens.valgus,urn:cite:perseus:latlexent.lex53155.1
urn:cite:hclat:tokens.vallis,urn:cite:perseus:latlexent.lex53169.1
urn:cite:hclat:tokens.vallis,urn:cite:perseus:latlexent.lex53161.1
urn:cite:hclat:tokens.varus,urn:cite:perseus:latlexent.lex53232.1
urn:cite:hclat:tokens.varus,urn:cite:perseus:latlexent.lex53231.1
urn:cite:hclat:tokens.vehes,urn:cite:perseus:latlexent.lex53313.1
urn:cite:hclat:tokens.vehes,urn:cite:perseus:latlexent.lex53309.1
urn:cite:hclat:tokens.venustus,urn:cite:perseus:latlexent.lex53450.1
urn:cite:hclat:tokens.veri,urn:cite:perseus:latlexent.lex53611.1
urn:cite:hclat:tokens.veri,urn:cite:perseus:latlexent.lex53607.1
urn:cite:hclat:tokens.veri,urn:cite:perseus:latlexent.lex53608.1
urn:cite:hclat:tokens.veri,urn:cite:perseus:latlexent.lex53457.1
urn:cite:hclat:tokens.vero,urn:cite:perseus:latlexent.lex53544.1
urn:cite:hclat:tokens.vero,urn:cite:perseus:latlexent.lex53611.1
urn:cite:hclat:tokens.vero,urn:cite:perseus:latlexent.lex53608.1
urn:cite:hclat:tokens.vero,urn:cite:perseus:latlexent.lex53607.1
urn:cite:hclat:tokens.versato,urn:cite:perseus:latlexent.lex53578.1
urn:cite:hclat:tokens.versato,urn:cite:perseus:latlexent.lex53577.1
urn:cite:hclat:tokens.vetus,urn:cite:perseus:latlexent.lex53695.1
urn:cite:hclat:tokens.vexillaris,urn:cite:perseus:latlexent.lex53710.1
urn:cite:hclat:tokens.vi,urn:cite:perseus:latlexent.lex54017.1
urn:cite:hclat:tokens.viae,urn:cite:perseus:latlexent.lex53715.1
urn:cite:hclat:tokens.viarum,urn:cite:perseus:latlexent.lex53715.1
urn:cite:hclat:tokens.victori,urn:cite:perseus:latlexent.lex53779.1
urn:cite:hclat:tokens.vidua,urn:cite:perseus:latlexent.lex53803.1
urn:cite:hclat:tokens.vidua,urn:cite:perseus:latlexent.lex53797.1
urn:cite:hclat:tokens.vidua,urn:cite:perseus:latlexent.lex53804.1
urn:cite:hclat:tokens.viduae,urn:cite:perseus:latlexent.lex53804.1
urn:cite:hclat:tokens.viduae,urn:cite:perseus:latlexent.lex53797.1
urn:cite:hclat:tokens.vilicus,urn:cite:perseus:latlexent.lex53842.1
urn:cite:hclat:tokens.vincet,urn:cite:perseus:latlexent.lex53883.1
urn:cite:hclat:tokens.vinculo,urn:cite:perseus:latlexent.lex53890.1
urn:cite:hclat:tokens.vinculo,urn:cite:perseus:latlexent.lex53891.1
urn:cite:hclat:tokens.violentiam,urn:cite:perseus:latlexent.lex53939.1
urn:cite:hclat:tokens.vir,urn:cite:perseus:latlexent.lex53948.1
urn:cite:hclat:tokens.virgo,urn:cite:perseus:latlexent.lex53974.1
urn:cite:hclat:tokens.viri,urn:cite:perseus:latlexent.lex53948.1
urn:cite:hclat:tokens.viri,urn:cite:perseus:latlexent.lex54016.1
urn:cite:hclat:tokens.viris,urn:cite:perseus:latlexent.lex53948.1
urn:cite:hclat:tokens.viris,urn:cite:perseus:latlexent.lex54017.1
urn:cite:hclat:tokens.viris,urn:cite:perseus:latlexent.lex54016.1
urn:cite:hclat:tokens.viris,urn:cite:perseus:latlexent.lex53949.1
urn:cite:hclat:tokens.viro,urn:cite:perseus:latlexent.lex54016.1
urn:cite:hclat:tokens.viro,urn:cite:perseus:latlexent.lex53948.1
urn:cite:hclat:tokens.virtute,urn:cite:perseus:latlexent.lex54012.1
urn:cite:hclat:tokens.virtutibus,urn:cite:perseus:latlexent.lex54012.1
urn:cite:hclat:tokens.visit,urn:cite:perseus:latlexent.lex54043.1
urn:cite:hclat:tokens.vita,urn:cite:perseus:latlexent.lex54091.1
urn:cite:hclat:tokens.vita,urn:cite:perseus:latlexent.lex54052.1
urn:cite:hclat:tokens.vix,urn:cite:perseus:latlexent.lex54136.1
urn:cite:hclat:tokens.vixit,urn:cite:perseus:latlexent.lex54134.1
urn:cite:hclat:tokens.volvit,urn:cite:perseus:latlexent.lex54244.1
urn:cite:hclat:tokens.voti,urn:cite:perseus:latlexent.lex54284.1
urn:cite:hclat:tokens.voti,urn:cite:perseus:latlexent.lex54282.1
urn:cite:hclat:tokens.vulgare,urn:cite:perseus:latlexent.lex54286.1
urn:cite:hclat:tokens.vulgare,urn:cite:perseus:latlexent.lex54296.1
