a	http://data.perseus.org/collections/urn:cite:perseus:latlexent.lex9104.1
ab	http://data.perseus.org/collections/urn:cite:perseus:latlexent.lex9104.1
abiremus	http://data.perseus.org/collections/urn:cite:perseus:latlexent.lex9147.1
abnepos	http://data.perseus.org/collections/urn:cite:perseus:latlexent.lex9223.1
absolvi	http://data.perseus.org/collections/urn:cite:perseus:latlexent.lex9315.1
accensi	http://data.perseus.org/collections/urn:cite:perseus:latlexent.lex9403.1
accensi	http://data.perseus.org/collections/urn:cite:perseus:latlexent.lex9404.1
accensi	http://data.perseus.org/collections/urn:cite:perseus:latlexent.lex9407.1
accensu	http://data.perseus.org/collections/urn:cite:perseus:latlexent.lex9404.1
accensu	http://data.perseus.org/collections/urn:cite:perseus:latlexent.lex9408.1
accensu	http://data.perseus.org/collections/urn:cite:perseus:latlexent.lex9403.1
accensus	http://data.perseus.org/collections/urn:cite:perseus:latlexent.lex9403.1
accensus	http://data.perseus.org/collections/urn:cite:perseus:latlexent.lex9408.1
accensus	http://data.perseus.org/collections/urn:cite:perseus:latlexent.lex9407.1
accensus	http://data.perseus.org/collections/urn:cite:perseus:latlexent.lex9404.1
accessi	http://data.perseus.org/collections/urn:cite:perseus:latlexent.lex9398.1
actu	http://data.perseus.org/collections/urn:cite:perseus:latlexent.lex9644.1
actu	http://data.perseus.org/collections/urn:cite:perseus:latlexent.lex10647.1
ad	http://data.perseus.org/collections/urn:cite:perseus:latlexent.lex9671.1
adampliato	http://data.perseus.org/collections/urn:cite:perseus:latlexent.lex9697.1
adiutori	http://data.perseus.org/collections/urn:cite:perseus:latlexent.lex9912.1
adlecto	http://data.perseus.org/collections/urn:cite:perseus:latlexent.lex10872.1
adnepos	http://data.perseus.org/collections/urn:cite:perseus:latlexent.lex10023.1
advocationis	http://data.perseus.org/collections/urn:cite:perseus:latlexent.lex10256.1
advocato	http://data.perseus.org/collections/urn:cite:perseus:latlexent.lex10258.1
advocato	http://data.perseus.org/collections/urn:cite:perseus:latlexent.lex10259.1
advocato	http://data.perseus.org/collections/urn:cite:perseus:latlexent.lex10260.1
aedem	http://data.perseus.org/collections/urn:cite:perseus:latlexent.lex10272.1
aedili	http://data.perseus.org/collections/urn:cite:perseus:latlexent.lex10286.1
aedilis	http://data.perseus.org/collections/urn:cite:perseus:latlexent.lex10286.1
aedium	http://data.perseus.org/collections/urn:cite:perseus:latlexent.lex10272.1
aer	http://data.perseus.org/collections/urn:cite:perseus:latlexent.lex10403.1
aetatis	http://data.perseus.org/collections/urn:cite:perseus:latlexent.lex10471.1
agro	http://data.perseus.org/collections/urn:cite:perseus:latlexent.lex10577.1
alimentorum	http://data.perseus.org/collections/urn:cite:perseus:latlexent.lex10800.1
altari	http://data.perseus.org/collections/urn:cite:perseus:latlexent.lex10989.1
altari	http://data.perseus.org/collections/urn:cite:perseus:latlexent.lex10947.1
altari	http://data.perseus.org/collections/urn:cite:perseus:latlexent.lex10945.1
alti	http://data.perseus.org/collections/urn:cite:perseus:latlexent.lex10996.1
alti	http://data.perseus.org/collections/urn:cite:perseus:latlexent.lex10994.1
alti	http://data.perseus.org/collections/urn:cite:perseus:latlexent.lex10927.1
aluei	http://data.perseus.org/collections/urn:cite:perseus:latlexent.lex11017.1
alumnus	http://data.perseus.org/collections/urn:cite:perseus:latlexent.lex11008.1
amantissimo	http://data.perseus.org/collections/urn:cite:perseus:latlexent.lex11179.1
ampliatus	http://data.perseus.org/collections/urn:cite:perseus:latlexent.lex11240.1
an	http://data.perseus.org/collections/urn:cite:perseus:latlexent.lex11277.1
anathema	http://data.perseus.org/collections/urn:cite:perseus:latlexent.lex11319.1
anathema	http://data.perseus.org/collections/urn:cite:perseus:latlexent.lex11320.1
anathematis	http://data.perseus.org/collections/urn:cite:perseus:latlexent.lex11319.1
anathematis	http://data.perseus.org/collections/urn:cite:perseus:latlexent.lex11320.1
ane	http://data.perseus.org/collections/urn:cite:perseus:latlexent.lex11697.1
ane	http://data.perseus.org/collections/urn:cite:perseus:latlexent.lex11698.1
angeli	http://data.perseus.org/collections/urn:cite:perseus:latlexent.lex11384.1
angelicam	http://data.perseus.org/collections/urn:cite:perseus:latlexent.lex11381.1
angelorum	http://data.perseus.org/collections/urn:cite:perseus:latlexent.lex11384.1
animam	http://data.perseus.org/collections/urn:cite:perseus:latlexent.lex11432.1
animi	http://data.perseus.org/collections/urn:cite:perseus:latlexent.lex11457.1
ann	http://data.perseus.org/collections/urn:cite:perseus:latlexent.lex11277.1
annis	http://data.perseus.org/collections/urn:cite:perseus:latlexent.lex11511.1
anno	http://data.perseus.org/collections/urn:cite:perseus:latlexent.lex11511.1
anno	http://data.perseus.org/collections/urn:cite:perseus:latlexent.lex10019.1
anno	http://data.perseus.org/collections/urn:cite:perseus:latlexent.lex11483.1
anno	http://data.perseus.org/collections/urn:cite:perseus:latlexent.lex11484.1
annor	http://data.perseus.org/collections/urn:cite:perseus:latlexent.lex11483.1
annor	http://data.perseus.org/collections/urn:cite:perseus:latlexent.lex11484.1
annor	http://data.perseus.org/collections/urn:cite:perseus:latlexent.lex10019.1
annorum	http://data.perseus.org/collections/urn:cite:perseus:latlexent.lex11511.1
annos	http://data.perseus.org/collections/urn:cite:perseus:latlexent.lex11511.1
annum	http://data.perseus.org/collections/urn:cite:perseus:latlexent.lex11511.1
ano	http://data.perseus.org/collections/urn:cite:perseus:latlexent.lex11697.1
ano	http://data.perseus.org/collections/urn:cite:perseus:latlexent.lex11698.1
antho	http://data.perseus.org/collections/urn:cite:perseus:latlexent.lex11633.1
antium	http://data.perseus.org/collections/urn:cite:perseus:latlexent.lex11601.1
aperuit	http://data.perseus.org/collections/urn:cite:perseus:latlexent.lex11720.1
arcem	http://data.perseus.org/collections/urn:cite:perseus:latlexent.lex12377.1
arcum	http://data.perseus.org/collections/urn:cite:perseus:latlexent.lex12125.1
arcum	http://data.perseus.org/collections/urn:cite:perseus:latlexent.lex12377.1
argentari	http://data.perseus.org/collections/urn:cite:perseus:latlexent.lex12165.1
argentari	http://data.perseus.org/collections/urn:cite:perseus:latlexent.lex12167.1
argentari	http://data.perseus.org/collections/urn:cite:perseus:latlexent.lex12166.1
armis	http://data.perseus.org/collections/urn:cite:perseus:latlexent.lex12264.1
armis	http://data.perseus.org/collections/urn:cite:perseus:latlexent.lex12232.1
armo	http://data.perseus.org/collections/urn:cite:perseus:latlexent.lex12264.1
armo	http://data.perseus.org/collections/urn:cite:perseus:latlexent.lex12261.1
asclepiade	http://data.perseus.org/collections/urn:cite:perseus:latlexent.lex12409.1
au	http://data.perseus.org/collections/urn:cite:perseus:latlexent.lex12799.1
auge	http://data.perseus.org/collections/urn:cite:perseus:latlexent.lex12863.1
augura	http://data.perseus.org/collections/urn:cite:perseus:latlexent.lex12886.1
augura	http://data.perseus.org/collections/urn:cite:perseus:latlexent.lex12885.1
auguri	http://data.perseus.org/collections/urn:cite:perseus:latlexent.lex12871.1
auguri	http://data.perseus.org/collections/urn:cite:perseus:latlexent.lex12882.1
augusta	http://data.perseus.org/collections/urn:cite:perseus:latlexent.lex12889.1
augusta	http://data.perseus.org/collections/urn:cite:perseus:latlexent.lex12890.1
augusti	http://data.perseus.org/collections/urn:cite:perseus:latlexent.lex12890.1
augusto	http://data.perseus.org/collections/urn:cite:perseus:latlexent.lex12890.1
augusto	http://data.perseus.org/collections/urn:cite:perseus:latlexent.lex12889.1
augustorum	http://data.perseus.org/collections/urn:cite:perseus:latlexent.lex12890.1
augustus	http://data.perseus.org/collections/urn:cite:perseus:latlexent.lex12890.1
aviti	http://data.perseus.org/collections/urn:cite:perseus:latlexent.lex13068.1
aviti	http://data.perseus.org/collections/urn:cite:perseus:latlexent.lex13067.1
avito	http://data.perseus.org/collections/urn:cite:perseus:latlexent.lex13068.1
basilia	http://data.perseus.org/collections/urn:cite:perseus:latlexent.lex13262.1
bellam	http://data.perseus.org/collections/urn:cite:perseus:latlexent.lex13343.1
bene	http://data.perseus.org/collections/urn:cite:perseus:latlexent.lex13357.1
bene	http://data.perseus.org/collections/urn:cite:perseus:latlexent.lex13387.1
beneficio	http://data.perseus.org/collections/urn:cite:perseus:latlexent.lex13371.1
bio	http://data.perseus.org/collections/urn:cite:perseus:latlexent.lex13515.1
bis	http://data.perseus.org/collections/urn:cite:perseus:latlexent.lex13541.1
boari	http://data.perseus.org/collections/urn:cite:perseus:latlexent.lex13622.1
boari	http://data.perseus.org/collections/urn:cite:perseus:latlexent.lex13690.1
bolo	http://data.perseus.org/collections/urn:cite:perseus:latlexent.lex13637.1
caesus	http://data.perseus.org/collections/urn:cite:perseus:latlexent.lex14043.1
caesus	http://data.perseus.org/collections/urn:cite:perseus:latlexent.lex13973.1
caesus	http://data.perseus.org/collections/urn:cite:perseus:latlexent.lex14044.1
canibus	http://data.perseus.org/collections/urn:cite:perseus:latlexent.lex14341.1
caput	http://data.perseus.org/collections/urn:cite:perseus:latlexent.lex14522.1
cardinalium	http://data.perseus.org/collections/urn:cite:perseus:latlexent.lex14557.1
care	http://data.perseus.org/collections/urn:cite:perseus:latlexent.lex14615.1
care	http://data.perseus.org/collections/urn:cite:perseus:latlexent.lex14569.1
care	http://data.perseus.org/collections/urn:cite:perseus:latlexent.lex14611.1
care	http://data.perseus.org/collections/urn:cite:perseus:latlexent.lex14651.1
carissimis	http://data.perseus.org/collections/urn:cite:perseus:latlexent.lex14651.1
carissimo	http://data.perseus.org/collections/urn:cite:perseus:latlexent.lex14651.1
cassiae	http://data.perseus.org/collections/urn:cite:perseus:latlexent.lex14667.1
cassiam	http://data.perseus.org/collections/urn:cite:perseus:latlexent.lex14667.1
castra	http://data.perseus.org/collections/urn:cite:perseus:latlexent.lex14727.1
castra	http://data.perseus.org/collections/urn:cite:perseus:latlexent.lex14726.1
castra	http://data.perseus.org/collections/urn:cite:perseus:latlexent.lex14716.1
castrensi	http://data.perseus.org/collections/urn:cite:perseus:latlexent.lex14725.1
castrorum	http://data.perseus.org/collections/urn:cite:perseus:latlexent.lex14727.1
castrorum	http://data.perseus.org/collections/urn:cite:perseus:latlexent.lex14716.1
celso	http://data.perseus.org/collections/urn:cite:perseus:latlexent.lex14994.1
centurias	http://data.perseus.org/collections/urn:cite:perseus:latlexent.lex15072.1
centurias	http://data.perseus.org/collections/urn:cite:perseus:latlexent.lex15079.1
cerdonis	http://data.perseus.org/collections/urn:cite:perseus:latlexent.lex15132.1
ceterorumque	http://data.perseus.org/collections/urn:cite:perseus:latlexent.lex15236.1
ceterorumque	http://data.perseus.org/collections/urn:cite:perseus:latlexent.lex15238.1
charis	http://data.perseus.org/collections/urn:cite:perseus:latlexent.lex15305.1
cin	http://data.perseus.org/collections/urn:cite:perseus:latlexent.lex15473.1
cin	http://data.perseus.org/collections/urn:cite:perseus:latlexent.lex15851.1
circaea	http://data.perseus.org/collections/urn:cite:perseus:latlexent.lex15552.1
circaea	http://data.perseus.org/collections/urn:cite:perseus:latlexent.lex15551.1
civi	http://data.perseus.org/collections/urn:cite:perseus:latlexent.lex15914.1
civi	http://data.perseus.org/collections/urn:cite:perseus:latlexent.lex15485.1
civili	http://data.perseus.org/collections/urn:cite:perseus:latlexent.lex15911.1
civilius	http://data.perseus.org/collections/urn:cite:perseus:latlexent.lex15911.1
civitati	http://data.perseus.org/collections/urn:cite:perseus:latlexent.lex15915.1
clarissimi	http://data.perseus.org/collections/urn:cite:perseus:latlexent.lex15956.1
clarissimis	http://data.perseus.org/collections/urn:cite:perseus:latlexent.lex15956.1
clarissimo	http://data.perseus.org/collections/urn:cite:perseus:latlexent.lex15956.1
clarissimus	http://data.perseus.org/collections/urn:cite:perseus:latlexent.lex15956.1
classi	http://data.perseus.org/collections/urn:cite:perseus:latlexent.lex15961.1
claudi	http://data.perseus.org/collections/urn:cite:perseus:latlexent.lex15974.1
claudi	http://data.perseus.org/collections/urn:cite:perseus:latlexent.lex15971.1
claudi	http://data.perseus.org/collections/urn:cite:perseus:latlexent.lex15972.1
claudius	http://data.perseus.org/collections/urn:cite:perseus:latlexent.lex15974.1
clemens	http://data.perseus.org/collections/urn:cite:perseus:latlexent.lex16003.1
clementi	http://data.perseus.org/collections/urn:cite:perseus:latlexent.lex16003.1
clerico	http://data.perseus.org/collections/urn:cite:perseus:latlexent.lex16013.1
cloacarum	http://data.perseus.org/collections/urn:cite:perseus:latlexent.lex16046.1
coelestia	http://data.perseus.org/collections/urn:cite:perseus:latlexent.lex13982.1
cognosce	http://data.perseus.org/collections/urn:cite:perseus:latlexent.lex16305.1
cohorti	http://data.perseus.org/collections/urn:cite:perseus:latlexent.lex16325.1
collegium	http://data.perseus.org/collections/urn:cite:perseus:latlexent.lex16419.1
coloniae	http://data.perseus.org/collections/urn:cite:perseus:latlexent.lex16510.1
coloniai	http://data.perseus.org/collections/urn:cite:perseus:latlexent.lex16510.1
coluit	http://data.perseus.org/collections/urn:cite:perseus:latlexent.lex16497.1
comitia	http://data.perseus.org/collections/urn:cite:perseus:latlexent.lex16631.1
comitia	http://data.perseus.org/collections/urn:cite:perseus:latlexent.lex16632.1
commodi	http://data.perseus.org/collections/urn:cite:perseus:latlexent.lex16775.1
commodi	http://data.perseus.org/collections/urn:cite:perseus:latlexent.lex16777.1
communiri	http://data.perseus.org/collections/urn:cite:perseus:latlexent.lex16823.1
compara	http://data.perseus.org/collections/urn:cite:perseus:latlexent.lex16883.1
compara	http://data.perseus.org/collections/urn:cite:perseus:latlexent.lex16882.1
concordiae	http://data.perseus.org/collections/urn:cite:perseus:latlexent.lex17248.1
concubinae	http://data.perseus.org/collections/urn:cite:perseus:latlexent.lex17284.1
cones	http://data.perseus.org/collections/urn:cite:perseus:latlexent.lex18123.1
coniugi	http://data.perseus.org/collections/urn:cite:perseus:latlexent.lex17733.1
coniugi	http://data.perseus.org/collections/urn:cite:perseus:latlexent.lex17745.1
coniunx	http://data.perseus.org/collections/urn:cite:perseus:latlexent.lex17745.1
conlapsam	http://data.perseus.org/collections/urn:cite:perseus:latlexent.lex16372.1
consecravit	http://data.perseus.org/collections/urn:cite:perseus:latlexent.lex17874.1
conspiciendum	http://data.perseus.org/collections/urn:cite:perseus:latlexent.lex18017.1
consul	http://data.perseus.org/collections/urn:cite:perseus:latlexent.lex18103.1
consuli	http://data.perseus.org/collections/urn:cite:perseus:latlexent.lex18109.1
consuli	http://data.perseus.org/collections/urn:cite:perseus:latlexent.lex18103.1
consulibus	http://data.perseus.org/collections/urn:cite:perseus:latlexent.lex18103.1
consulto	http://data.perseus.org/collections/urn:cite:perseus:latlexent.lex18120.1
consulto	http://data.perseus.org/collections/urn:cite:perseus:latlexent.lex18121.1
consulto	http://data.perseus.org/collections/urn:cite:perseus:latlexent.lex18109.1
consulto	http://data.perseus.org/collections/urn:cite:perseus:latlexent.lex18115.1
consumptum	http://data.perseus.org/collections/urn:cite:perseus:latlexent.lex18129.1
contingat	http://data.perseus.org/collections/urn:cite:perseus:latlexent.lex18255.1
contingat	http://data.perseus.org/collections/urn:cite:perseus:latlexent.lex18256.1
contra	http://data.perseus.org/collections/urn:cite:perseus:latlexent.lex18288.1
contubernali	http://data.perseus.org/collections/urn:cite:perseus:latlexent.lex18350.1
corpus	http://data.perseus.org/collections/urn:cite:perseus:latlexent.lex18662.1
corrigendum	http://data.perseus.org/collections/urn:cite:perseus:latlexent.lex18685.1
corruptum	http://data.perseus.org/collections/urn:cite:perseus:latlexent.lex18714.1
corruptum	http://data.perseus.org/collections/urn:cite:perseus:latlexent.lex18703.1
crassi	http://data.perseus.org/collections/urn:cite:perseus:latlexent.lex18830.1
crescens	http://data.perseus.org/collections/urn:cite:perseus:latlexent.lex18909.1
cruci	http://data.perseus.org/collections/urn:cite:perseus:latlexent.lex19053.1
crustulum	http://data.perseus.org/collections/urn:cite:perseus:latlexent.lex19051.1
cryptam	http://data.perseus.org/collections/urn:cite:perseus:latlexent.lex19054.1
cubitum	http://data.perseus.org/collections/urn:cite:perseus:latlexent.lex19082.1
cubitum	http://data.perseus.org/collections/urn:cite:perseus:latlexent.lex19084.1
cubitum	http://data.perseus.org/collections/urn:cite:perseus:latlexent.lex19080.1
cui	http://data.perseus.org/collections/urn:cite:perseus:latlexent.lex44537.1
cui	http://data.perseus.org/collections/urn:cite:perseus:latlexent.lex44410.1
cui	http://data.perseus.org/collections/urn:cite:perseus:latlexent.lex44536.1
cui	http://data.perseus.org/collections/urn:cite:perseus:latlexent.lex44409.1
cuius	http://data.perseus.org/collections/urn:cite:perseus:latlexent.lex44537.1
cuius	http://data.perseus.org/collections/urn:cite:perseus:latlexent.lex44410.1
cuius	http://data.perseus.org/collections/urn:cite:perseus:latlexent.lex44536.1
cuius	http://data.perseus.org/collections/urn:cite:perseus:latlexent.lex19121.1
cuius	http://data.perseus.org/collections/urn:cite:perseus:latlexent.lex44409.1
cuius	http://data.perseus.org/collections/urn:cite:perseus:latlexent.lex19122.1
cultellus	http://data.perseus.org/collections/urn:cite:perseus:latlexent.lex19163.1
cur	http://data.perseus.org/collections/urn:cite:perseus:latlexent.lex19272.1
curam	http://data.perseus.org/collections/urn:cite:perseus:latlexent.lex19273.1
curante	http://data.perseus.org/collections/urn:cite:perseus:latlexent.lex19306.1
curat	http://data.perseus.org/collections/urn:cite:perseus:latlexent.lex19306.1
curator	http://data.perseus.org/collections/urn:cite:perseus:latlexent.lex19281.1
curatori	http://data.perseus.org/collections/urn:cite:perseus:latlexent.lex19281.1
curatori	http://data.perseus.org/collections/urn:cite:perseus:latlexent.lex19284.1
curatoris	http://data.perseus.org/collections/urn:cite:perseus:latlexent.lex19281.1
dare	http://data.perseus.org/collections/urn:cite:perseus:latlexent.lex21761.1
dato	http://data.perseus.org/collections/urn:cite:perseus:latlexent.lex21761.1
datur	http://data.perseus.org/collections/urn:cite:perseus:latlexent.lex21761.1
de	http://data.perseus.org/collections/urn:cite:perseus:latlexent.lex19511.1
dece	http://data.perseus.org/collections/urn:cite:perseus:latlexent.lex19627.1
decessit	http://data.perseus.org/collections/urn:cite:perseus:latlexent.lex19581.1
decreto	http://data.perseus.org/collections/urn:cite:perseus:latlexent.lex19710.1
decreto	http://data.perseus.org/collections/urn:cite:perseus:latlexent.lex19617.1
decuriones	http://data.perseus.org/collections/urn:cite:perseus:latlexent.lex19733.1
decurionibus	http://data.perseus.org/collections/urn:cite:perseus:latlexent.lex19733.1
decurionum	http://data.perseus.org/collections/urn:cite:perseus:latlexent.lex19733.1
dederunt	http://data.perseus.org/collections/urn:cite:perseus:latlexent.lex21761.1
dedicata	http://data.perseus.org/collections/urn:cite:perseus:latlexent.lex19770.1
dedicaverunt	http://data.perseus.org/collections/urn:cite:perseus:latlexent.lex19770.1
dedicavit	http://data.perseus.org/collections/urn:cite:perseus:latlexent.lex19770.1
dedit	http://data.perseus.org/collections/urn:cite:perseus:latlexent.lex19780.1
dedit	http://data.perseus.org/collections/urn:cite:perseus:latlexent.lex21761.1
dei	http://data.perseus.org/collections/urn:cite:perseus:latlexent.lex20737.1
dei	http://data.perseus.org/collections/urn:cite:perseus:latlexent.lex19799.1
delegatu	http://data.perseus.org/collections/urn:cite:perseus:latlexent.lex20036.1
des	http://data.perseus.org/collections/urn:cite:perseus:latlexent.lex21761.1
designatus	http://data.perseus.org/collections/urn:cite:perseus:latlexent.lex20537.1
det	http://data.perseus.org/collections/urn:cite:perseus:latlexent.lex21761.1
detur	http://data.perseus.org/collections/urn:cite:perseus:latlexent.lex21761.1
di	http://data.perseus.org/collections/urn:cite:perseus:latlexent.lex20737.1
di	http://data.perseus.org/collections/urn:cite:perseus:latlexent.lex21683.1
diadumeno	http://data.perseus.org/collections/urn:cite:perseus:latlexent.lex20855.1
dicavit	http://data.perseus.org/collections/urn:cite:perseus:latlexent.lex20960.1
dicundo	http://data.perseus.org/collections/urn:cite:perseus:latlexent.lex20961.1
die	http://data.perseus.org/collections/urn:cite:perseus:latlexent.lex21683.1
die	http://data.perseus.org/collections/urn:cite:perseus:latlexent.lex21759.1
die	http://data.perseus.org/collections/urn:cite:perseus:latlexent.lex20998.1
diebus	http://data.perseus.org/collections/urn:cite:perseus:latlexent.lex20998.1
dimittere	http://data.perseus.org/collections/urn:cite:perseus:latlexent.lex21189.1
dis	http://data.perseus.org/collections/urn:cite:perseus:latlexent.lex21716.1
dis	http://data.perseus.org/collections/urn:cite:perseus:latlexent.lex20737.1
divae	http://data.perseus.org/collections/urn:cite:perseus:latlexent.lex21759.1
divae	http://data.perseus.org/collections/urn:cite:perseus:latlexent.lex21693.1
divi	http://data.perseus.org/collections/urn:cite:perseus:latlexent.lex21759.1
divinitatis	http://data.perseus.org/collections/urn:cite:perseus:latlexent.lex21732.1
divo	http://data.perseus.org/collections/urn:cite:perseus:latlexent.lex21759.1
domi	http://data.perseus.org/collections/urn:cite:perseus:latlexent.lex21876.1
domino	http://data.perseus.org/collections/urn:cite:perseus:latlexent.lex21857.1
domus	http://data.perseus.org/collections/urn:cite:perseus:latlexent.lex21876.1
dono	http://data.perseus.org/collections/urn:cite:perseus:latlexent.lex21891.1
dono	http://data.perseus.org/collections/urn:cite:perseus:latlexent.lex21890.1
donum	http://data.perseus.org/collections/urn:cite:perseus:latlexent.lex21891.1
duo	http://data.perseus.org/collections/urn:cite:perseus:latlexent.lex22042.1
duorum	http://data.perseus.org/collections/urn:cite:perseus:latlexent.lex22042.1
duri	http://data.perseus.org/collections/urn:cite:perseus:latlexent.lex22118.1
duri	http://data.perseus.org/collections/urn:cite:perseus:latlexent.lex22114.1
e	http://data.perseus.org/collections/urn:cite:perseus:latlexent.lex23489.1
ea	http://data.perseus.org/collections/urn:cite:perseus:latlexent.lex31616.1
eademque	http://data.perseus.org/collections/urn:cite:perseus:latlexent.lex22149.1
eademque	http://data.perseus.org/collections/urn:cite:perseus:latlexent.lex27815.1
edis	http://data.perseus.org/collections/urn:cite:perseus:latlexent.lex22275.1
edis	http://data.perseus.org/collections/urn:cite:perseus:latlexent.lex22274.1
edis	http://data.perseus.org/collections/urn:cite:perseus:latlexent.lex26865.1
ei	http://data.perseus.org/collections/urn:cite:perseus:latlexent.lex22450.1
ei	http://data.perseus.org/collections/urn:cite:perseus:latlexent.lex31616.1
eidemque	http://data.perseus.org/collections/urn:cite:perseus:latlexent.lex27815.1
eius	http://data.perseus.org/collections/urn:cite:perseus:latlexent.lex31616.1
eiusdem	http://data.perseus.org/collections/urn:cite:perseus:latlexent.lex27815.1
elato	http://data.perseus.org/collections/urn:cite:perseus:latlexent.lex22329.1
electo	http://data.perseus.org/collections/urn:cite:perseus:latlexent.lex22580.1
electo	http://data.perseus.org/collections/urn:cite:perseus:latlexent.lex22530.1
electo	http://data.perseus.org/collections/urn:cite:perseus:latlexent.lex22529.1
em	http://data.perseus.org/collections/urn:cite:perseus:latlexent.lex22656.1
en	http://data.perseus.org/collections/urn:cite:perseus:latlexent.lex22812.1
eo	http://data.perseus.org/collections/urn:cite:perseus:latlexent.lex22947.1
eo	http://data.perseus.org/collections/urn:cite:perseus:latlexent.lex31616.1
eo	http://data.perseus.org/collections/urn:cite:perseus:latlexent.lex22948.1
eorum	http://data.perseus.org/collections/urn:cite:perseus:latlexent.lex31616.1
equestrium	http://data.perseus.org/collections/urn:cite:perseus:latlexent.lex23101.1
equo	http://data.perseus.org/collections/urn:cite:perseus:latlexent.lex23123.1
erexit	http://data.perseus.org/collections/urn:cite:perseus:latlexent.lex23166.1
esse	http://data.perseus.org/collections/urn:cite:perseus:latlexent.lex50141.1
esse	http://data.perseus.org/collections/urn:cite:perseus:latlexent.lex22274.1
esset	http://data.perseus.org/collections/urn:cite:perseus:latlexent.lex50141.1
esset	http://data.perseus.org/collections/urn:cite:perseus:latlexent.lex22274.1
est	http://data.perseus.org/collections/urn:cite:perseus:latlexent.lex22274.1
est	http://data.perseus.org/collections/urn:cite:perseus:latlexent.lex50141.1
et	http://data.perseus.org/collections/urn:cite:perseus:latlexent.lex23298.1
evangelista	http://data.perseus.org/collections/urn:cite:perseus:latlexent.lex23406.1
ex	http://data.perseus.org/collections/urn:cite:perseus:latlexent.lex23489.1
exculto	http://data.perseus.org/collections/urn:cite:perseus:latlexent.lex23691.1
exercitatione	http://data.perseus.org/collections/urn:cite:perseus:latlexent.lex23795.1
exercitu	http://data.perseus.org/collections/urn:cite:perseus:latlexent.lex23792.1
exercitu	http://data.perseus.org/collections/urn:cite:perseus:latlexent.lex23809.1
exercitu	http://data.perseus.org/collections/urn:cite:perseus:latlexent.lex23790.1
exornato	http://data.perseus.org/collections/urn:cite:perseus:latlexent.lex23950.1
expeditione	http://data.perseus.org/collections/urn:cite:perseus:latlexent.lex23998.1
expeditioni	http://data.perseus.org/collections/urn:cite:perseus:latlexent.lex23998.1
expeditionis	http://data.perseus.org/collections/urn:cite:perseus:latlexent.lex23998.1
expeditus	http://data.perseus.org/collections/urn:cite:perseus:latlexent.lex23996.1
expeditus	http://data.perseus.org/collections/urn:cite:perseus:latlexent.lex24000.1
expiatum	http://data.perseus.org/collections/urn:cite:perseus:latlexent.lex24041.1
expiatum	http://data.perseus.org/collections/urn:cite:perseus:latlexent.lex24049.1
exta	http://data.perseus.org/collections/urn:cite:perseus:latlexent.lex24322.1
exta	http://data.perseus.org/collections/urn:cite:perseus:latlexent.lex24279.1
fabrum	http://data.perseus.org/collections/urn:cite:perseus:latlexent.lex24479.1
fabrum	http://data.perseus.org/collections/urn:cite:perseus:latlexent.lex24481.1
fac	http://data.perseus.org/collections/urn:cite:perseus:latlexent.lex24529.1
faciendum	http://data.perseus.org/collections/urn:cite:perseus:latlexent.lex24529.1
faciundis	http://data.perseus.org/collections/urn:cite:perseus:latlexent.lex24529.1
faciundum	http://data.perseus.org/collections/urn:cite:perseus:latlexent.lex24529.1
factione	http://data.perseus.org/collections/urn:cite:perseus:latlexent.lex24534.1
factum	http://data.perseus.org/collections/urn:cite:perseus:latlexent.lex24550.1
factum	http://data.perseus.org/collections/urn:cite:perseus:latlexent.lex24529.1
factum	http://data.perseus.org/collections/urn:cite:perseus:latlexent.lex24546.1
fama	http://data.perseus.org/collections/urn:cite:perseus:latlexent.lex24642.1
familiae	http://data.perseus.org/collections/urn:cite:perseus:latlexent.lex24661.1
fecerunt	http://data.perseus.org/collections/urn:cite:perseus:latlexent.lex24529.1
fecit	http://data.perseus.org/collections/urn:cite:perseus:latlexent.lex24529.1
felici	http://data.perseus.org/collections/urn:cite:perseus:latlexent.lex24877.1
felici	http://data.perseus.org/collections/urn:cite:perseus:latlexent.lex25152.1
felicis	http://data.perseus.org/collections/urn:cite:perseus:latlexent.lex24877.1
felicis	http://data.perseus.org/collections/urn:cite:perseus:latlexent.lex25152.1
felicissimo	http://data.perseus.org/collections/urn:cite:perseus:latlexent.lex24877.1
felicissimoque	http://data.perseus.org/collections/urn:cite:perseus:latlexent.lex24877.1
feliciter	http://data.perseus.org/collections/urn:cite:perseus:latlexent.lex24871.1
felicius	http://data.perseus.org/collections/urn:cite:perseus:latlexent.lex24877.1
felix	http://data.perseus.org/collections/urn:cite:perseus:latlexent.lex25152.1
felix	http://data.perseus.org/collections/urn:cite:perseus:latlexent.lex24877.1
femina	http://data.perseus.org/collections/urn:cite:perseus:latlexent.lex24899.1
femina	http://data.perseus.org/collections/urn:cite:perseus:latlexent.lex24892.1
feminae	http://data.perseus.org/collections/urn:cite:perseus:latlexent.lex24892.1
fiat	http://data.perseus.org/collections/urn:cite:perseus:latlexent.lex25174.1
fictor	http://data.perseus.org/collections/urn:cite:perseus:latlexent.lex25069.1
fictoris	http://data.perseus.org/collections/urn:cite:perseus:latlexent.lex25069.1
fidelis	http://data.perseus.org/collections/urn:cite:perseus:latlexent.lex25089.1
fidem	http://data.perseus.org/collections/urn:cite:perseus:latlexent.lex25098.1
fidem	http://data.perseus.org/collections/urn:cite:perseus:latlexent.lex25097.1
fieri	http://data.perseus.org/collections/urn:cite:perseus:latlexent.lex25174.1
fili	http://data.perseus.org/collections/urn:cite:perseus:latlexent.lex25151.1
fili	http://data.perseus.org/collections/urn:cite:perseus:latlexent.lex25153.1
filia	http://data.perseus.org/collections/urn:cite:perseus:latlexent.lex25139.1
filiae	http://data.perseus.org/collections/urn:cite:perseus:latlexent.lex25139.1
filiarum	http://data.perseus.org/collections/urn:cite:perseus:latlexent.lex25139.1
filio	http://data.perseus.org/collections/urn:cite:perseus:latlexent.lex25151.1
filis	http://data.perseus.org/collections/urn:cite:perseus:latlexent.lex25153.1
filis	http://data.perseus.org/collections/urn:cite:perseus:latlexent.lex25151.1
filius	http://data.perseus.org/collections/urn:cite:perseus:latlexent.lex25151.1
fla	http://data.perseus.org/collections/urn:cite:perseus:latlexent.lex25328.1
flamini	http://data.perseus.org/collections/urn:cite:perseus:latlexent.lex25259.1
flamini	http://data.perseus.org/collections/urn:cite:perseus:latlexent.lex25251.1
flamini	http://data.perseus.org/collections/urn:cite:perseus:latlexent.lex25328.1
flamini	http://data.perseus.org/collections/urn:cite:perseus:latlexent.lex25260.1
flamini	http://data.perseus.org/collections/urn:cite:perseus:latlexent.lex25252.1
florentia	http://data.perseus.org/collections/urn:cite:perseus:latlexent.lex25335.1
for	http://data.perseus.org/collections/urn:cite:perseus:latlexent.lex25480.1
forensi	http://data.perseus.org/collections/urn:cite:perseus:latlexent.lex25496.1
forisque	http://data.perseus.org/collections/urn:cite:perseus:latlexent.lex25507.1
forisque	http://data.perseus.org/collections/urn:cite:perseus:latlexent.lex25510.1
forisque	http://data.perseus.org/collections/urn:cite:perseus:latlexent.lex25500.1
forisque	http://data.perseus.org/collections/urn:cite:perseus:latlexent.lex25596.1
forisque	http://data.perseus.org/collections/urn:cite:perseus:latlexent.lex25594.1
forisque	http://data.perseus.org/collections/urn:cite:perseus:latlexent.lex25595.1
fortiora	http://data.perseus.org/collections/urn:cite:perseus:latlexent.lex25581.1
fortissimisque	http://data.perseus.org/collections/urn:cite:perseus:latlexent.lex25581.1
fortissimo	http://data.perseus.org/collections/urn:cite:perseus:latlexent.lex25581.1
fortunata	http://data.perseus.org/collections/urn:cite:perseus:latlexent.lex25592.1
fortunato	http://data.perseus.org/collections/urn:cite:perseus:latlexent.lex25592.1
forum	http://data.perseus.org/collections/urn:cite:perseus:latlexent.lex25509.1
forum	http://data.perseus.org/collections/urn:cite:perseus:latlexent.lex25595.1
forum	http://data.perseus.org/collections/urn:cite:perseus:latlexent.lex25596.1
forum	http://data.perseus.org/collections/urn:cite:perseus:latlexent.lex25497.1
forum	http://data.perseus.org/collections/urn:cite:perseus:latlexent.lex25594.1
forum	http://data.perseus.org/collections/urn:cite:perseus:latlexent.lex25500.1
frater	http://data.perseus.org/collections/urn:cite:perseus:latlexent.lex25647.1
fratri	http://data.perseus.org/collections/urn:cite:perseus:latlexent.lex25647.1
frontonis	http://data.perseus.org/collections/urn:cite:perseus:latlexent.lex25787.1
frumento	http://data.perseus.org/collections/urn:cite:perseus:latlexent.lex25821.1
frustra	http://data.perseus.org/collections/urn:cite:perseus:latlexent.lex25839.1
frustra	http://data.perseus.org/collections/urn:cite:perseus:latlexent.lex25832.1
fuerant	http://data.perseus.org/collections/urn:cite:perseus:latlexent.lex50141.1
fuerunt	http://data.perseus.org/collections/urn:cite:perseus:latlexent.lex50141.1
fuit	http://data.perseus.org/collections/urn:cite:perseus:latlexent.lex50141.1
functo	http://data.perseus.org/collections/urn:cite:perseus:latlexent.lex25997.1
gallae	http://data.perseus.org/collections/urn:cite:perseus:latlexent.lex26145.1
gallicae	http://data.perseus.org/collections/urn:cite:perseus:latlexent.lex26149.1
geminas	http://data.perseus.org/collections/urn:cite:perseus:latlexent.lex26245.1
geminas	http://data.perseus.org/collections/urn:cite:perseus:latlexent.lex26244.1
genio	http://data.perseus.org/collections/urn:cite:perseus:latlexent.lex26313.1
genitrix	http://data.perseus.org/collections/urn:cite:perseus:latlexent.lex26288.1
gerentem	http://data.perseus.org/collections/urn:cite:perseus:latlexent.lex26356.1
gratis	http://data.perseus.org/collections/urn:cite:perseus:latlexent.lex26690.1
gratulationis	http://data.perseus.org/collections/urn:cite:perseus:latlexent.lex26685.1
haec	http://data.perseus.org/collections/urn:cite:perseus:latlexent.lex27244.1
hasce	http://data.perseus.org/collections/urn:cite:perseus:latlexent.lex27244.1
heredes	http://data.perseus.org/collections/urn:cite:perseus:latlexent.lex27175.1
hic	http://data.perseus.org/collections/urn:cite:perseus:latlexent.lex27244.1
his	http://data.perseus.org/collections/urn:cite:perseus:latlexent.lex27244.1
hoc	http://data.perseus.org/collections/urn:cite:perseus:latlexent.lex27573.1
hoc	http://data.perseus.org/collections/urn:cite:perseus:latlexent.lex27244.1
homini	http://data.perseus.org/collections/urn:cite:perseus:latlexent.lex27420.1
honor	http://data.perseus.org/collections/urn:cite:perseus:latlexent.lex27445.1
honoris	http://data.perseus.org/collections/urn:cite:perseus:latlexent.lex27445.1
honoris	http://data.perseus.org/collections/urn:cite:perseus:latlexent.lex27461.1
horrea	http://data.perseus.org/collections/urn:cite:perseus:latlexent.lex27512.1
hortensio	http://data.perseus.org/collections/urn:cite:perseus:latlexent.lex27537.1
hortorum	http://data.perseus.org/collections/urn:cite:perseus:latlexent.lex27543.1
hoste	http://data.perseus.org/collections/urn:cite:perseus:latlexent.lex27572.1
hoste	http://data.perseus.org/collections/urn:cite:perseus:latlexent.lex27570.1
huc	http://data.perseus.org/collections/urn:cite:perseus:latlexent.lex27573.1
huius	http://data.perseus.org/collections/urn:cite:perseus:latlexent.lex27244.1
humilis	http://data.perseus.org/collections/urn:cite:perseus:latlexent.lex27603.1
hunc	http://data.perseus.org/collections/urn:cite:perseus:latlexent.lex27244.1
i	http://data.perseus.org/collections/urn:cite:perseus:latlexent.lex22947.1
iacet	http://data.perseus.org/collections/urn:cite:perseus:latlexent.lex31763.1
iam	http://data.perseus.org/collections/urn:cite:perseus:latlexent.lex31794.1
idem	http://data.perseus.org/collections/urn:cite:perseus:latlexent.lex27815.1
ii	http://data.perseus.org/collections/urn:cite:perseus:latlexent.lex31616.1
ii	http://data.perseus.org/collections/urn:cite:perseus:latlexent.lex22947.1
iis	http://data.perseus.org/collections/urn:cite:perseus:latlexent.lex31616.1
ille	http://data.perseus.org/collections/urn:cite:perseus:latlexent.lex27940.1
imperat	http://data.perseus.org/collections/urn:cite:perseus:latlexent.lex28326.1
imperator	http://data.perseus.org/collections/urn:cite:perseus:latlexent.lex28296.1
imperatore	http://data.perseus.org/collections/urn:cite:perseus:latlexent.lex28296.1
imperatores	http://data.perseus.org/collections/urn:cite:perseus:latlexent.lex28296.1
imperatori	http://data.perseus.org/collections/urn:cite:perseus:latlexent.lex28298.1
imperatori	http://data.perseus.org/collections/urn:cite:perseus:latlexent.lex28296.1
imperatoris	http://data.perseus.org/collections/urn:cite:perseus:latlexent.lex28296.1
imperiumque	http://data.perseus.org/collections/urn:cite:perseus:latlexent.lex28319.1
impura	http://data.perseus.org/collections/urn:cite:perseus:latlexent.lex28545.1
in	http://data.perseus.org/collections/urn:cite:perseus:latlexent.lex28556.1
incendio	http://data.perseus.org/collections/urn:cite:perseus:latlexent.lex28751.1
indicio	http://data.perseus.org/collections/urn:cite:perseus:latlexent.lex29252.1
infelicis	http://data.perseus.org/collections/urn:cite:perseus:latlexent.lex29615.1
inferiore	http://data.perseus.org/collections/urn:cite:perseus:latlexent.lex29643.1
ingenuo	http://data.perseus.org/collections/urn:cite:perseus:latlexent.lex29837.1
inperator	http://data.perseus.org/collections/urn:cite:perseus:latlexent.lex28296.1
inscriptiones	http://data.perseus.org/collections/urn:cite:perseus:latlexent.lex30332.1
insecuto	http://data.perseus.org/collections/urn:cite:perseus:latlexent.lex30385.1
insignem	http://data.perseus.org/collections/urn:cite:perseus:latlexent.lex30436.1
insignem	http://data.perseus.org/collections/urn:cite:perseus:latlexent.lex30431.1
insignibus	http://data.perseus.org/collections/urn:cite:perseus:latlexent.lex30431.1
insignibus	http://data.perseus.org/collections/urn:cite:perseus:latlexent.lex30427.1
instinctu	http://data.perseus.org/collections/urn:cite:perseus:latlexent.lex30562.1
instinctu	http://data.perseus.org/collections/urn:cite:perseus:latlexent.lex30561.1
insula	http://data.perseus.org/collections/urn:cite:perseus:latlexent.lex30628.1
inter	http://data.perseus.org/collections/urn:cite:perseus:latlexent.lex30744.1
intercede	http://data.perseus.org/collections/urn:cite:perseus:latlexent.lex30770.1
intrassent	http://data.perseus.org/collections/urn:cite:perseus:latlexent.lex31213.1
invasor	http://data.perseus.org/collections/urn:cite:perseus:latlexent.lex31307.1
invictae	http://data.perseus.org/collections/urn:cite:perseus:latlexent.lex31366.1
ipse	http://data.perseus.org/collections/urn:cite:perseus:latlexent.lex31463.1
ipsorum	http://data.perseus.org/collections/urn:cite:perseus:latlexent.lex31463.1
isque	http://data.perseus.org/collections/urn:cite:perseus:latlexent.lex31616.1
isque	http://data.perseus.org/collections/urn:cite:perseus:latlexent.lex22947.1
iste	http://data.perseus.org/collections/urn:cite:perseus:latlexent.lex31639.1
ita	http://data.perseus.org/collections/urn:cite:perseus:latlexent.lex31653.1
ita	http://data.perseus.org/collections/urn:cite:perseus:latlexent.lex31677.1
item	http://data.perseus.org/collections/urn:cite:perseus:latlexent.lex31657.1
item	http://data.perseus.org/collections/urn:cite:perseus:latlexent.lex31677.1
item	http://data.perseus.org/collections/urn:cite:perseus:latlexent.lex31675.1
iter	http://data.perseus.org/collections/urn:cite:perseus:latlexent.lex31677.1
iter	http://data.perseus.org/collections/urn:cite:perseus:latlexent.lex31658.1
iterumque	http://data.perseus.org/collections/urn:cite:perseus:latlexent.lex31666.1
iubam	http://data.perseus.org/collections/urn:cite:perseus:latlexent.lex31842.1
iudici	http://data.perseus.org/collections/urn:cite:perseus:latlexent.lex31868.1
iudici	http://data.perseus.org/collections/urn:cite:perseus:latlexent.lex31855.1
iudicis	http://data.perseus.org/collections/urn:cite:perseus:latlexent.lex31868.1
iudicis	http://data.perseus.org/collections/urn:cite:perseus:latlexent.lex31855.1
iure	http://data.perseus.org/collections/urn:cite:perseus:latlexent.lex31952.1
iuris	http://data.perseus.org/collections/urn:cite:perseus:latlexent.lex31952.1
iussit	http://data.perseus.org/collections/urn:cite:perseus:latlexent.lex31845.1
iussu	http://data.perseus.org/collections/urn:cite:perseus:latlexent.lex31845.1
iussu	http://data.perseus.org/collections/urn:cite:perseus:latlexent.lex31967.1
iustis	http://data.perseus.org/collections/urn:cite:perseus:latlexent.lex31978.1
iustis	http://data.perseus.org/collections/urn:cite:perseus:latlexent.lex31968.1
iustius	http://data.perseus.org/collections/urn:cite:perseus:latlexent.lex31978.1
iusto	http://data.perseus.org/collections/urn:cite:perseus:latlexent.lex31978.1
ivi	http://data.perseus.org/collections/urn:cite:perseus:latlexent.lex22947.1
kalendis	http://data.perseus.org/collections/urn:cite:perseus:latlexent.lex4239.1
laico	http://data.perseus.org/collections/urn:cite:perseus:latlexent.lex32184.1
lati	http://data.perseus.org/collections/urn:cite:perseus:latlexent.lex32485.1
lati	http://data.perseus.org/collections/urn:cite:perseus:latlexent.lex24946.1
lati	http://data.perseus.org/collections/urn:cite:perseus:latlexent.lex32483.1
lavacrum	http://data.perseus.org/collections/urn:cite:perseus:latlexent.lex32525.1
lavin	http://data.perseus.org/collections/urn:cite:perseus:latlexent.lex32534.1
legat	http://data.perseus.org/collections/urn:cite:perseus:latlexent.lex32601.1
legat	http://data.perseus.org/collections/urn:cite:perseus:latlexent.lex32600.1
legato	http://data.perseus.org/collections/urn:cite:perseus:latlexent.lex32600.1
legato	http://data.perseus.org/collections/urn:cite:perseus:latlexent.lex32581.1
legato	http://data.perseus.org/collections/urn:cite:perseus:latlexent.lex32582.1
legatum	http://data.perseus.org/collections/urn:cite:perseus:latlexent.lex32581.1
legatum	http://data.perseus.org/collections/urn:cite:perseus:latlexent.lex32582.1
legatum	http://data.perseus.org/collections/urn:cite:perseus:latlexent.lex32600.1
legatus	http://data.perseus.org/collections/urn:cite:perseus:latlexent.lex32582.1
legatus	http://data.perseus.org/collections/urn:cite:perseus:latlexent.lex32600.1
legin	http://data.perseus.org/collections/urn:cite:perseus:latlexent.lex32778.1
legin	http://data.perseus.org/collections/urn:cite:perseus:latlexent.lex32601.1
legis	http://data.perseus.org/collections/urn:cite:perseus:latlexent.lex32778.1
legis	http://data.perseus.org/collections/urn:cite:perseus:latlexent.lex32601.1
leone	http://data.perseus.org/collections/urn:cite:perseus:latlexent.lex32668.1
liber	http://data.perseus.org/collections/urn:cite:perseus:latlexent.lex32809.1
liber	http://data.perseus.org/collections/urn:cite:perseus:latlexent.lex32840.1
liber	http://data.perseus.org/collections/urn:cite:perseus:latlexent.lex32811.1
libertatem	http://data.perseus.org/collections/urn:cite:perseus:latlexent.lex32822.1
liberti	http://data.perseus.org/collections/urn:cite:perseus:latlexent.lex32829.1
libertis	http://data.perseus.org/collections/urn:cite:perseus:latlexent.lex32821.1
libertis	http://data.perseus.org/collections/urn:cite:perseus:latlexent.lex32829.1
ligamus	http://data.perseus.org/collections/urn:cite:perseus:latlexent.lex32911.1
lignariorum	http://data.perseus.org/collections/urn:cite:perseus:latlexent.lex32900.1
ligni	http://data.perseus.org/collections/urn:cite:perseus:latlexent.lex32909.1
liguriam	http://data.perseus.org/collections/urn:cite:perseus:latlexent.lex32914.1
litavit	http://data.perseus.org/collections/urn:cite:perseus:latlexent.lex33111.1
locar	http://data.perseus.org/collections/urn:cite:perseus:latlexent.lex33259.1
locis	http://data.perseus.org/collections/urn:cite:perseus:latlexent.lex33185.1
loco	http://data.perseus.org/collections/urn:cite:perseus:latlexent.lex33173.1
loco	http://data.perseus.org/collections/urn:cite:perseus:latlexent.lex33185.1
locorumque	http://data.perseus.org/collections/urn:cite:perseus:latlexent.lex33185.1
locum	http://data.perseus.org/collections/urn:cite:perseus:latlexent.lex33185.1
locus	http://data.perseus.org/collections/urn:cite:perseus:latlexent.lex33185.1
luci	http://data.perseus.org/collections/urn:cite:perseus:latlexent.lex33310.1
luci	http://data.perseus.org/collections/urn:cite:perseus:latlexent.lex33528.1
luci	http://data.perseus.org/collections/urn:cite:perseus:latlexent.lex33382.1
luci	http://data.perseus.org/collections/urn:cite:perseus:latlexent.lex33329.1
lucie	http://data.perseus.org/collections/urn:cite:perseus:latlexent.lex33329.1
lucii	http://data.perseus.org/collections/urn:cite:perseus:latlexent.lex33329.1
lucio	http://data.perseus.org/collections/urn:cite:perseus:latlexent.lex33329.1
lucius	http://data.perseus.org/collections/urn:cite:perseus:latlexent.lex33329.1
magis	http://data.perseus.org/collections/urn:cite:perseus:latlexent.lex33760.1
magis	http://data.perseus.org/collections/urn:cite:perseus:latlexent.lex33706.1
magis	http://data.perseus.org/collections/urn:cite:perseus:latlexent.lex33755.1
magis	http://data.perseus.org/collections/urn:cite:perseus:latlexent.lex33707.1
magistratu	http://data.perseus.org/collections/urn:cite:perseus:latlexent.lex33719.1
magistratu	http://data.perseus.org/collections/urn:cite:perseus:latlexent.lex33717.1
magnitudine	http://data.perseus.org/collections/urn:cite:perseus:latlexent.lex33753.1
maiestatique	http://data.perseus.org/collections/urn:cite:perseus:latlexent.lex33771.1
male	http://data.perseus.org/collections/urn:cite:perseus:latlexent.lex33876.1
male	http://data.perseus.org/collections/urn:cite:perseus:latlexent.lex33873.1
male	http://data.perseus.org/collections/urn:cite:perseus:latlexent.lex33868.1
male	http://data.perseus.org/collections/urn:cite:perseus:latlexent.lex33874.1
maledicimus	http://data.perseus.org/collections/urn:cite:perseus:latlexent.lex33803.1
maledictioni	http://data.perseus.org/collections/urn:cite:perseus:latlexent.lex33804.1
mamma	http://data.perseus.org/collections/urn:cite:perseus:latlexent.lex33889.1
mamma	http://data.perseus.org/collections/urn:cite:perseus:latlexent.lex33883.1
mandaverat	http://data.perseus.org/collections/urn:cite:perseus:latlexent.lex33926.1
mandavit	http://data.perseus.org/collections/urn:cite:perseus:latlexent.lex33926.1
manibus	http://data.perseus.org/collections/urn:cite:perseus:latlexent.lex34050.1
manus	http://data.perseus.org/collections/urn:cite:perseus:latlexent.lex34050.1
marci	http://data.perseus.org/collections/urn:cite:perseus:latlexent.lex34069.1
marco	http://data.perseus.org/collections/urn:cite:perseus:latlexent.lex34069.1
marcus	http://data.perseus.org/collections/urn:cite:perseus:latlexent.lex34069.1
martyrium	http://data.perseus.org/collections/urn:cite:perseus:latlexent.lex34117.1
marum	http://data.perseus.org/collections/urn:cite:perseus:latlexent.lex34119.1
marum	http://data.perseus.org/collections/urn:cite:perseus:latlexent.lex34118.1
mater	http://data.perseus.org/collections/urn:cite:perseus:latlexent.lex34160.1
matri	http://data.perseus.org/collections/urn:cite:perseus:latlexent.lex34160.1
maximae	http://data.perseus.org/collections/urn:cite:perseus:latlexent.lex33756.1
maximae	http://data.perseus.org/collections/urn:cite:perseus:latlexent.lex34229.1
maximae	http://data.perseus.org/collections/urn:cite:perseus:latlexent.lex33755.1
maximae	http://data.perseus.org/collections/urn:cite:perseus:latlexent.lex35586.1
maximi	http://data.perseus.org/collections/urn:cite:perseus:latlexent.lex35586.1
maximi	http://data.perseus.org/collections/urn:cite:perseus:latlexent.lex34229.1
maximi	http://data.perseus.org/collections/urn:cite:perseus:latlexent.lex33755.1
maximi	http://data.perseus.org/collections/urn:cite:perseus:latlexent.lex33756.1
maximo	http://data.perseus.org/collections/urn:cite:perseus:latlexent.lex35586.1
maximo	http://data.perseus.org/collections/urn:cite:perseus:latlexent.lex34229.1
maximo	http://data.perseus.org/collections/urn:cite:perseus:latlexent.lex33756.1
maximo	http://data.perseus.org/collections/urn:cite:perseus:latlexent.lex33755.1
maximus	http://data.perseus.org/collections/urn:cite:perseus:latlexent.lex33756.1
maximus	http://data.perseus.org/collections/urn:cite:perseus:latlexent.lex34229.1
maximus	http://data.perseus.org/collections/urn:cite:perseus:latlexent.lex33755.1
maximus	http://data.perseus.org/collections/urn:cite:perseus:latlexent.lex35586.1
meae	http://data.perseus.org/collections/urn:cite:perseus:latlexent.lex34731.1
medices	http://data.perseus.org/collections/urn:cite:perseus:latlexent.lex34281.1
meis	http://data.perseus.org/collections/urn:cite:perseus:latlexent.lex34730.1
meis	http://data.perseus.org/collections/urn:cite:perseus:latlexent.lex34333.1
meis	http://data.perseus.org/collections/urn:cite:perseus:latlexent.lex34731.1
meliora	http://data.perseus.org/collections/urn:cite:perseus:latlexent.lex13657.1
meliora	http://data.perseus.org/collections/urn:cite:perseus:latlexent.lex34377.1
meliori	http://data.perseus.org/collections/urn:cite:perseus:latlexent.lex13657.1
membra	http://data.perseus.org/collections/urn:cite:perseus:latlexent.lex34443.1
membra	http://data.perseus.org/collections/urn:cite:perseus:latlexent.lex34445.1
memoria	http://data.perseus.org/collections/urn:cite:perseus:latlexent.lex34450.1
memoria	http://data.perseus.org/collections/urn:cite:perseus:latlexent.lex34463.1
mens	http://data.perseus.org/collections/urn:cite:perseus:latlexent.lex34506.1
menses	http://data.perseus.org/collections/urn:cite:perseus:latlexent.lex34512.1
mentis	http://data.perseus.org/collections/urn:cite:perseus:latlexent.lex34532.1
mentis	http://data.perseus.org/collections/urn:cite:perseus:latlexent.lex34506.1
mentis	http://data.perseus.org/collections/urn:cite:perseus:latlexent.lex34548.1
mentis	http://data.perseus.org/collections/urn:cite:perseus:latlexent.lex34541.1
meren	http://data.perseus.org/collections/urn:cite:perseus:latlexent.lex34637.1
meren	http://data.perseus.org/collections/urn:cite:perseus:latlexent.lex34589.1
meren	http://data.perseus.org/collections/urn:cite:perseus:latlexent.lex34636.1
meren	http://data.perseus.org/collections/urn:cite:perseus:latlexent.lex34590.1
merenti	http://data.perseus.org/collections/urn:cite:perseus:latlexent.lex34590.1
merenti	http://data.perseus.org/collections/urn:cite:perseus:latlexent.lex34589.1
merita	http://data.perseus.org/collections/urn:cite:perseus:latlexent.lex34616.1
merita	http://data.perseus.org/collections/urn:cite:perseus:latlexent.lex34618.1
merita	http://data.perseus.org/collections/urn:cite:perseus:latlexent.lex34589.1
merita	http://data.perseus.org/collections/urn:cite:perseus:latlexent.lex34590.1
meritum	http://data.perseus.org/collections/urn:cite:perseus:latlexent.lex34618.1
meritum	http://data.perseus.org/collections/urn:cite:perseus:latlexent.lex34590.1
meritum	http://data.perseus.org/collections/urn:cite:perseus:latlexent.lex34589.1
metenti	http://data.perseus.org/collections/urn:cite:perseus:latlexent.lex34705.1
mi	http://data.perseus.org/collections/urn:cite:perseus:latlexent.lex34731.1
mi	http://data.perseus.org/collections/urn:cite:perseus:latlexent.lex22435.1
mi	http://data.perseus.org/collections/urn:cite:perseus:latlexent.lex35027.1
miae	http://data.perseus.org/collections/urn:cite:perseus:latlexent.lex35027.1
miles	http://data.perseus.org/collections/urn:cite:perseus:latlexent.lex34781.1
miles	http://data.perseus.org/collections/urn:cite:perseus:latlexent.lex34760.1
militum	http://data.perseus.org/collections/urn:cite:perseus:latlexent.lex34760.1
miniae	http://data.perseus.org/collections/urn:cite:perseus:latlexent.lex34871.1
miscuit	http://data.perseus.org/collections/urn:cite:perseus:latlexent.lex34935.1
moderatione	http://data.perseus.org/collections/urn:cite:perseus:latlexent.lex35046.1
modi	http://data.perseus.org/collections/urn:cite:perseus:latlexent.lex35072.1
modi	http://data.perseus.org/collections/urn:cite:perseus:latlexent.lex35073.1
modi	http://data.perseus.org/collections/urn:cite:perseus:latlexent.lex35086.1
mon	http://data.perseus.org/collections/urn:cite:perseus:latlexent.lex35410.1
monachos	http://data.perseus.org/collections/urn:cite:perseus:latlexent.lex35197.1
motu	http://data.perseus.org/collections/urn:cite:perseus:latlexent.lex35428.1
motu	http://data.perseus.org/collections/urn:cite:perseus:latlexent.lex35425.1
mula	http://data.perseus.org/collections/urn:cite:perseus:latlexent.lex35454.1
mulsum	http://data.perseus.org/collections/urn:cite:perseus:latlexent.lex35497.1
mulsum	http://data.perseus.org/collections/urn:cite:perseus:latlexent.lex35459.1
multa	http://data.perseus.org/collections/urn:cite:perseus:latlexent.lex35583.1
multa	http://data.perseus.org/collections/urn:cite:perseus:latlexent.lex35586.1
multa	http://data.perseus.org/collections/urn:cite:perseus:latlexent.lex35500.1
mun	http://data.perseus.org/collections/urn:cite:perseus:latlexent.lex35430.1
mun	http://data.perseus.org/collections/urn:cite:perseus:latlexent.lex35709.1
muneribus	http://data.perseus.org/collections/urn:cite:perseus:latlexent.lex35652.1
municipi	http://data.perseus.org/collections/urn:cite:perseus:latlexent.lex35622.1
municipi	http://data.perseus.org/collections/urn:cite:perseus:latlexent.lex35629.1
municipio	http://data.perseus.org/collections/urn:cite:perseus:latlexent.lex35629.1
munimenta	http://data.perseus.org/collections/urn:cite:perseus:latlexent.lex35640.1
munimentis	http://data.perseus.org/collections/urn:cite:perseus:latlexent.lex35640.1
mysteria	http://data.perseus.org/collections/urn:cite:perseus:latlexent.lex35873.1
mystis	http://data.perseus.org/collections/urn:cite:perseus:latlexent.lex35867.1
nae	http://data.perseus.org/collections/urn:cite:perseus:latlexent.lex36087.1
nae	http://data.perseus.org/collections/urn:cite:perseus:latlexent.lex36053.1
nam	http://data.perseus.org/collections/urn:cite:perseus:latlexent.lex35905.1
natali	http://data.perseus.org/collections/urn:cite:perseus:latlexent.lex35973.1
natali	http://data.perseus.org/collections/urn:cite:perseus:latlexent.lex35974.1
navi	http://data.perseus.org/collections/urn:cite:perseus:latlexent.lex36081.1
navi	http://data.perseus.org/collections/urn:cite:perseus:latlexent.lex36075.1
navi	http://data.perseus.org/collections/urn:cite:perseus:latlexent.lex36429.1
navicula	http://data.perseus.org/collections/urn:cite:perseus:latlexent.lex36062.1
ne	http://data.perseus.org/collections/urn:cite:perseus:latlexent.lex36085.1
ne	http://data.perseus.org/collections/urn:cite:perseus:latlexent.lex36087.1
ne	http://data.perseus.org/collections/urn:cite:perseus:latlexent.lex36208.1
near	http://data.perseus.org/collections/urn:cite:perseus:latlexent.lex36208.1
negotiantes	http://data.perseus.org/collections/urn:cite:perseus:latlexent.lex36189.1
nepos	http://data.perseus.org/collections/urn:cite:perseus:latlexent.lex36223.1
nepoti	http://data.perseus.org/collections/urn:cite:perseus:latlexent.lex36223.1
no	http://data.perseus.org/collections/urn:cite:perseus:latlexent.lex36429.1
nobilissimus	http://data.perseus.org/collections/urn:cite:perseus:latlexent.lex36430.1
nobis	http://data.perseus.org/collections/urn:cite:perseus:latlexent.lex36551.1
nomine	http://data.perseus.org/collections/urn:cite:perseus:latlexent.lex36485.1
nona	http://data.perseus.org/collections/urn:cite:perseus:latlexent.lex36541.1
nona	http://data.perseus.org/collections/urn:cite:perseus:latlexent.lex36505.1
noni	http://data.perseus.org/collections/urn:cite:perseus:latlexent.lex36541.1
nono	http://data.perseus.org/collections/urn:cite:perseus:latlexent.lex36541.1
nonus	http://data.perseus.org/collections/urn:cite:perseus:latlexent.lex36541.1
nostro	http://data.perseus.org/collections/urn:cite:perseus:latlexent.lex36560.1
numini	http://data.perseus.org/collections/urn:cite:perseus:latlexent.lex36720.1
o	http://data.perseus.org/collections/urn:cite:perseus:latlexent.lex5821.1
ob	http://data.perseus.org/collections/urn:cite:perseus:latlexent.lex36853.1
obeliscum	http://data.perseus.org/collections/urn:cite:perseus:latlexent.lex36898.1
oblationibus	http://data.perseus.org/collections/urn:cite:perseus:latlexent.lex36958.1
obscurioribus	http://data.perseus.org/collections/urn:cite:perseus:latlexent.lex37112.1
obtulit	http://data.perseus.org/collections/urn:cite:perseus:latlexent.lex37622.1
olet	http://data.perseus.org/collections/urn:cite:perseus:latlexent.lex37690.1
omni	http://data.perseus.org/collections/urn:cite:perseus:latlexent.lex37789.1
omnibus	http://data.perseus.org/collections/urn:cite:perseus:latlexent.lex37789.1
operis	http://data.perseus.org/collections/urn:cite:perseus:latlexent.lex38032.1
operis	http://data.perseus.org/collections/urn:cite:perseus:latlexent.lex37846.1
operis	http://data.perseus.org/collections/urn:cite:perseus:latlexent.lex37858.1
opo	http://data.perseus.org/collections/urn:cite:perseus:latlexent.lex37944.1
optato	http://data.perseus.org/collections/urn:cite:perseus:latlexent.lex38019.1
optimae	http://data.perseus.org/collections/urn:cite:perseus:latlexent.lex13657.1
optimis	http://data.perseus.org/collections/urn:cite:perseus:latlexent.lex13657.1
optimo	http://data.perseus.org/collections/urn:cite:perseus:latlexent.lex13657.1
optimus	http://data.perseus.org/collections/urn:cite:perseus:latlexent.lex13657.1
opus	http://data.perseus.org/collections/urn:cite:perseus:latlexent.lex38032.1
ordin	http://data.perseus.org/collections/urn:cite:perseus:latlexent.lex38094.1
ordinario	http://data.perseus.org/collections/urn:cite:perseus:latlexent.lex38085.1
ordini	http://data.perseus.org/collections/urn:cite:perseus:latlexent.lex38096.1
ordo	http://data.perseus.org/collections/urn:cite:perseus:latlexent.lex38096.1
ores	http://data.perseus.org/collections/urn:cite:perseus:latlexent.lex38152.1
orientali	http://data.perseus.org/collections/urn:cite:perseus:latlexent.lex38114.1
ornato	http://data.perseus.org/collections/urn:cite:perseus:latlexent.lex38150.1
ovem	http://data.perseus.org/collections/urn:cite:perseus:latlexent.lex38316.1
ovem	http://data.perseus.org/collections/urn:cite:perseus:latlexent.lex38315.1
ovis	http://data.perseus.org/collections/urn:cite:perseus:latlexent.lex38317.1
ovis	http://data.perseus.org/collections/urn:cite:perseus:latlexent.lex38315.1
pacis	http://data.perseus.org/collections/urn:cite:perseus:latlexent.lex39114.1
par	http://data.perseus.org/collections/urn:cite:perseus:latlexent.lex38684.1
parentem	http://data.perseus.org/collections/urn:cite:perseus:latlexent.lex38780.1
parentem	http://data.perseus.org/collections/urn:cite:perseus:latlexent.lex38779.1
parentem	http://data.perseus.org/collections/urn:cite:perseus:latlexent.lex38787.1
parentem	http://data.perseus.org/collections/urn:cite:perseus:latlexent.lex38788.1
parentes	http://data.perseus.org/collections/urn:cite:perseus:latlexent.lex38788.1
parentes	http://data.perseus.org/collections/urn:cite:perseus:latlexent.lex38787.1
parentes	http://data.perseus.org/collections/urn:cite:perseus:latlexent.lex38780.1
parentes	http://data.perseus.org/collections/urn:cite:perseus:latlexent.lex38779.1
parte	http://data.perseus.org/collections/urn:cite:perseus:latlexent.lex38816.1
parte	http://data.perseus.org/collections/urn:cite:perseus:latlexent.lex38847.1
parte	http://data.perseus.org/collections/urn:cite:perseus:latlexent.lex38815.1
parthenio	http://data.perseus.org/collections/urn:cite:perseus:latlexent.lex38853.1
pater	http://data.perseus.org/collections/urn:cite:perseus:latlexent.lex38979.1
patern	http://data.perseus.org/collections/urn:cite:perseus:latlexent.lex38979.1
patre	http://data.perseus.org/collections/urn:cite:perseus:latlexent.lex38979.1
patri	http://data.perseus.org/collections/urn:cite:perseus:latlexent.lex38979.1
patri	http://data.perseus.org/collections/urn:cite:perseus:latlexent.lex39031.1
patri	http://data.perseus.org/collections/urn:cite:perseus:latlexent.lex39030.1
patriae	http://data.perseus.org/collections/urn:cite:perseus:latlexent.lex39031.1
patriae	http://data.perseus.org/collections/urn:cite:perseus:latlexent.lex39030.1
patriae	http://data.perseus.org/collections/urn:cite:perseus:latlexent.lex39010.1
patris	http://data.perseus.org/collections/urn:cite:perseus:latlexent.lex38979.1
patro	http://data.perseus.org/collections/urn:cite:perseus:latlexent.lex39033.1
patron	http://data.perseus.org/collections/urn:cite:perseus:latlexent.lex39033.1
patroni	http://data.perseus.org/collections/urn:cite:perseus:latlexent.lex39041.1
patrono	http://data.perseus.org/collections/urn:cite:perseus:latlexent.lex39041.1
patronus	http://data.perseus.org/collections/urn:cite:perseus:latlexent.lex39041.1
per	http://data.perseus.org/collections/urn:cite:perseus:latlexent.lex39400.1
perculerat	http://data.perseus.org/collections/urn:cite:perseus:latlexent.lex39492.1
peregrinis	http://data.perseus.org/collections/urn:cite:perseus:latlexent.lex39652.1
perpetuom	http://data.perseus.org/collections/urn:cite:perseus:latlexent.lex40168.1
pertinaci	http://data.perseus.org/collections/urn:cite:perseus:latlexent.lex40409.1
pertinacis	http://data.perseus.org/collections/urn:cite:perseus:latlexent.lex40409.1
pertinax	http://data.perseus.org/collections/urn:cite:perseus:latlexent.lex40409.1
peteret	http://data.perseus.org/collections/urn:cite:perseus:latlexent.lex40596.1
petronio	http://data.perseus.org/collections/urn:cite:perseus:latlexent.lex40607.1
piae	http://data.perseus.org/collections/urn:cite:perseus:latlexent.lex40840.1
piae	http://data.perseus.org/collections/urn:cite:perseus:latlexent.lex41025.1
pice	http://data.perseus.org/collections/urn:cite:perseus:latlexent.lex40835.1
pietas	http://data.perseus.org/collections/urn:cite:perseus:latlexent.lex40838.1
pietatis	http://data.perseus.org/collections/urn:cite:perseus:latlexent.lex40838.1
pii	http://data.perseus.org/collections/urn:cite:perseus:latlexent.lex41025.1
piissimae	http://data.perseus.org/collections/urn:cite:perseus:latlexent.lex41025.1
piissimo	http://data.perseus.org/collections/urn:cite:perseus:latlexent.lex41025.1
pio	http://data.perseus.org/collections/urn:cite:perseus:latlexent.lex40939.1
pio	http://data.perseus.org/collections/urn:cite:perseus:latlexent.lex41025.1
pius	http://data.perseus.org/collections/urn:cite:perseus:latlexent.lex41025.1
plotius	http://data.perseus.org/collections/urn:cite:perseus:latlexent.lex41152.1
poena	http://data.perseus.org/collections/urn:cite:perseus:latlexent.lex41291.1
ponendam	http://data.perseus.org/collections/urn:cite:perseus:latlexent.lex41450.1
ponentem	http://data.perseus.org/collections/urn:cite:perseus:latlexent.lex41450.1
ponti	http://data.perseus.org/collections/urn:cite:perseus:latlexent.lex41461.1
ponti	http://data.perseus.org/collections/urn:cite:perseus:latlexent.lex41451.1
pontifex	http://data.perseus.org/collections/urn:cite:perseus:latlexent.lex41453.1
pontifici	http://data.perseus.org/collections/urn:cite:perseus:latlexent.lex41456.1
pontifici	http://data.perseus.org/collections/urn:cite:perseus:latlexent.lex41453.1
populi	http://data.perseus.org/collections/urn:cite:perseus:latlexent.lex41503.1
populi	http://data.perseus.org/collections/urn:cite:perseus:latlexent.lex41502.1
populorum	http://data.perseus.org/collections/urn:cite:perseus:latlexent.lex41503.1
populorum	http://data.perseus.org/collections/urn:cite:perseus:latlexent.lex41502.1
populus	http://data.perseus.org/collections/urn:cite:perseus:latlexent.lex41502.1
populus	http://data.perseus.org/collections/urn:cite:perseus:latlexent.lex41503.1
populusque	http://data.perseus.org/collections/urn:cite:perseus:latlexent.lex41502.1
populusque	http://data.perseus.org/collections/urn:cite:perseus:latlexent.lex41503.1
portam	http://data.perseus.org/collections/urn:cite:perseus:latlexent.lex41547.1
porticus	http://data.perseus.org/collections/urn:cite:perseus:latlexent.lex41564.1
positae	http://data.perseus.org/collections/urn:cite:perseus:latlexent.lex41450.1
post	http://data.perseus.org/collections/urn:cite:perseus:latlexent.lex41608.1
posteris	http://data.perseus.org/collections/urn:cite:perseus:latlexent.lex41623.1
posterisque	http://data.perseus.org/collections/urn:cite:perseus:latlexent.lex41623.1
postumius	http://data.perseus.org/collections/urn:cite:perseus:latlexent.lex41680.1
posuit	http://data.perseus.org/collections/urn:cite:perseus:latlexent.lex41450.1
potes	http://data.perseus.org/collections/urn:cite:perseus:latlexent.lex41607.1
potes	http://data.perseus.org/collections/urn:cite:perseus:latlexent.lex41725.1
potest	http://data.perseus.org/collections/urn:cite:perseus:latlexent.lex41607.1
potest	http://data.perseus.org/collections/urn:cite:perseus:latlexent.lex41715.1
potestas	http://data.perseus.org/collections/urn:cite:perseus:latlexent.lex41702.1
potestate	http://data.perseus.org/collections/urn:cite:perseus:latlexent.lex41702.1
potestatem	http://data.perseus.org/collections/urn:cite:perseus:latlexent.lex41702.1
potestati	http://data.perseus.org/collections/urn:cite:perseus:latlexent.lex41702.1
potis	http://data.perseus.org/collections/urn:cite:perseus:latlexent.lex41715.1
potis	http://data.perseus.org/collections/urn:cite:perseus:latlexent.lex41710.1
potis	http://data.perseus.org/collections/urn:cite:perseus:latlexent.lex41713.1
potius	http://data.perseus.org/collections/urn:cite:perseus:latlexent.lex41715.1
praecipuo	http://data.perseus.org/collections/urn:cite:perseus:latlexent.lex41822.1
praefecto	http://data.perseus.org/collections/urn:cite:perseus:latlexent.lex41995.1
praefecto	http://data.perseus.org/collections/urn:cite:perseus:latlexent.lex41982.1
praefecto	http://data.perseus.org/collections/urn:cite:perseus:latlexent.lex41981.1
praefectus	http://data.perseus.org/collections/urn:cite:perseus:latlexent.lex41982.1
praefectus	http://data.perseus.org/collections/urn:cite:perseus:latlexent.lex41981.1
praefectus	http://data.perseus.org/collections/urn:cite:perseus:latlexent.lex41995.1
praei	http://data.perseus.org/collections/urn:cite:perseus:latlexent.lex41963.1
praemia	http://data.perseus.org/collections/urn:cite:perseus:latlexent.lex42166.1
praeposito	http://data.perseus.org/collections/urn:cite:perseus:latlexent.lex42267.1
praeposito	http://data.perseus.org/collections/urn:cite:perseus:latlexent.lex42261.1
praete	http://data.perseus.org/collections/urn:cite:perseus:latlexent.lex42548.1
praetextatae	http://data.perseus.org/collections/urn:cite:perseus:latlexent.lex42532.1
praetore	http://data.perseus.org/collections/urn:cite:perseus:latlexent.lex42541.1
praetori	http://data.perseus.org/collections/urn:cite:perseus:latlexent.lex42541.1
praetori	http://data.perseus.org/collections/urn:cite:perseus:latlexent.lex42547.1
praetori	http://data.perseus.org/collections/urn:cite:perseus:latlexent.lex42546.1
praetorio	http://data.perseus.org/collections/urn:cite:perseus:latlexent.lex42547.1
praetorio	http://data.perseus.org/collections/urn:cite:perseus:latlexent.lex42546.1
prima	http://data.perseus.org/collections/urn:cite:perseus:latlexent.lex42742.1
primae	http://data.perseus.org/collections/urn:cite:perseus:latlexent.lex42742.1
primigeniae	http://data.perseus.org/collections/urn:cite:perseus:latlexent.lex42711.1
primitiva	http://data.perseus.org/collections/urn:cite:perseus:latlexent.lex42723.1
primo	http://data.perseus.org/collections/urn:cite:perseus:latlexent.lex42726.1
primo	http://data.perseus.org/collections/urn:cite:perseus:latlexent.lex42742.1
primus	http://data.perseus.org/collections/urn:cite:perseus:latlexent.lex42742.1
principi	http://data.perseus.org/collections/urn:cite:perseus:latlexent.lex42743.1
principi	http://data.perseus.org/collections/urn:cite:perseus:latlexent.lex42750.1
principibus	http://data.perseus.org/collections/urn:cite:perseus:latlexent.lex42743.1
principis	http://data.perseus.org/collections/urn:cite:perseus:latlexent.lex42743.1
principis	http://data.perseus.org/collections/urn:cite:perseus:latlexent.lex42750.1
principum	http://data.perseus.org/collections/urn:cite:perseus:latlexent.lex42743.1
priscae	http://data.perseus.org/collections/urn:cite:perseus:latlexent.lex42757.1
privata	http://data.perseus.org/collections/urn:cite:perseus:latlexent.lex42780.1
privatos	http://data.perseus.org/collections/urn:cite:perseus:latlexent.lex42773.1
privatos	http://data.perseus.org/collections/urn:cite:perseus:latlexent.lex42780.1
pro	http://data.perseus.org/collections/urn:cite:perseus:latlexent.lex42784.1
pro	http://data.perseus.org/collections/urn:cite:perseus:latlexent.lex42783.1
probarunt	http://data.perseus.org/collections/urn:cite:perseus:latlexent.lex42813.1
probo	http://data.perseus.org/collections/urn:cite:perseus:latlexent.lex42823.1
probo	http://data.perseus.org/collections/urn:cite:perseus:latlexent.lex42813.1
proconsul	http://data.perseus.org/collections/urn:cite:perseus:latlexent.lex42879.1
proconsuli	http://data.perseus.org/collections/urn:cite:perseus:latlexent.lex42880.1
proconsuli	http://data.perseus.org/collections/urn:cite:perseus:latlexent.lex42879.1
procos	http://data.perseus.org/collections/urn:cite:perseus:latlexent.lex42918.1
procos	http://data.perseus.org/collections/urn:cite:perseus:latlexent.lex42919.1
procurator	http://data.perseus.org/collections/urn:cite:perseus:latlexent.lex42904.1
procuratori	http://data.perseus.org/collections/urn:cite:perseus:latlexent.lex42905.1
procuratori	http://data.perseus.org/collections/urn:cite:perseus:latlexent.lex42904.1
prodere	http://data.perseus.org/collections/urn:cite:perseus:latlexent.lex42951.1
profanis	http://data.perseus.org/collections/urn:cite:perseus:latlexent.lex42984.1
promeruit	http://data.perseus.org/collections/urn:cite:perseus:latlexent.lex43153.1
promoto	http://data.perseus.org/collections/urn:cite:perseus:latlexent.lex43185.1
promoto	http://data.perseus.org/collections/urn:cite:perseus:latlexent.lex43183.1
pron	http://data.perseus.org/collections/urn:cite:perseus:latlexent.lex42783.1
pron	http://data.perseus.org/collections/urn:cite:perseus:latlexent.lex42784.1
pronepos	http://data.perseus.org/collections/urn:cite:perseus:latlexent.lex43218.1
propagatum	http://data.perseus.org/collections/urn:cite:perseus:latlexent.lex43252.1
propugnaculis	http://data.perseus.org/collections/urn:cite:perseus:latlexent.lex43352.1
provincia	http://data.perseus.org/collections/urn:cite:perseus:latlexent.lex43591.1
provinciae	http://data.perseus.org/collections/urn:cite:perseus:latlexent.lex43591.1
prudentiae	http://data.perseus.org/collections/urn:cite:perseus:latlexent.lex43631.1
publicam	http://data.perseus.org/collections/urn:cite:perseus:latlexent.lex43752.1
publicarum	http://data.perseus.org/collections/urn:cite:perseus:latlexent.lex43752.1
publici	http://data.perseus.org/collections/urn:cite:perseus:latlexent.lex43752.1
publico	http://data.perseus.org/collections/urn:cite:perseus:latlexent.lex43751.1
publico	http://data.perseus.org/collections/urn:cite:perseus:latlexent.lex43752.1
publicorum	http://data.perseus.org/collections/urn:cite:perseus:latlexent.lex43752.1
quae	http://data.perseus.org/collections/urn:cite:perseus:latlexent.lex44536.1
quae	http://data.perseus.org/collections/urn:cite:perseus:latlexent.lex44410.1
quae	http://data.perseus.org/collections/urn:cite:perseus:latlexent.lex44409.1
quae	http://data.perseus.org/collections/urn:cite:perseus:latlexent.lex44537.1
quaestori	http://data.perseus.org/collections/urn:cite:perseus:latlexent.lex44253.1
quaestori	http://data.perseus.org/collections/urn:cite:perseus:latlexent.lex44251.1
quam	http://data.perseus.org/collections/urn:cite:perseus:latlexent.lex44410.1
quam	http://data.perseus.org/collections/urn:cite:perseus:latlexent.lex44409.1
quam	http://data.perseus.org/collections/urn:cite:perseus:latlexent.lex44271.1
qui	http://data.perseus.org/collections/urn:cite:perseus:latlexent.lex44537.1
qui	http://data.perseus.org/collections/urn:cite:perseus:latlexent.lex44409.1
qui	http://data.perseus.org/collections/urn:cite:perseus:latlexent.lex44536.1
qui	http://data.perseus.org/collections/urn:cite:perseus:latlexent.lex44410.1
quicumque	http://data.perseus.org/collections/urn:cite:perseus:latlexent.lex44417.1
quinctius	http://data.perseus.org/collections/urn:cite:perseus:latlexent.lex44524.1
quinquennali	http://data.perseus.org/collections/urn:cite:perseus:latlexent.lex44489.1
quinquennalis	http://data.perseus.org/collections/urn:cite:perseus:latlexent.lex44489.1
quinti	http://data.perseus.org/collections/urn:cite:perseus:latlexent.lex44524.1
quinto	http://data.perseus.org/collections/urn:cite:perseus:latlexent.lex44524.1
quis	http://data.perseus.org/collections/urn:cite:perseus:latlexent.lex44380.1
quis	http://data.perseus.org/collections/urn:cite:perseus:latlexent.lex44537.1
quis	http://data.perseus.org/collections/urn:cite:perseus:latlexent.lex44536.1
quo	http://data.perseus.org/collections/urn:cite:perseus:latlexent.lex44410.1
quo	http://data.perseus.org/collections/urn:cite:perseus:latlexent.lex44550.1
quo	http://data.perseus.org/collections/urn:cite:perseus:latlexent.lex44537.1
quo	http://data.perseus.org/collections/urn:cite:perseus:latlexent.lex44536.1
quod	http://data.perseus.org/collections/urn:cite:perseus:latlexent.lex44409.1
quod	http://data.perseus.org/collections/urn:cite:perseus:latlexent.lex44410.1
quos	http://data.perseus.org/collections/urn:cite:perseus:latlexent.lex44537.1
quos	http://data.perseus.org/collections/urn:cite:perseus:latlexent.lex44409.1
quos	http://data.perseus.org/collections/urn:cite:perseus:latlexent.lex44410.1
quos	http://data.perseus.org/collections/urn:cite:perseus:latlexent.lex44536.1
quot	http://data.perseus.org/collections/urn:cite:perseus:latlexent.lex44587.1
rabidis	http://data.perseus.org/collections/urn:cite:perseus:latlexent.lex44613.1
raptor	http://data.perseus.org/collections/urn:cite:perseus:latlexent.lex44708.1
raptor	http://data.perseus.org/collections/urn:cite:perseus:latlexent.lex44707.1
rapuit	http://data.perseus.org/collections/urn:cite:perseus:latlexent.lex44699.1
rarissimae	http://data.perseus.org/collections/urn:cite:perseus:latlexent.lex44725.1
rasin	http://data.perseus.org/collections/urn:cite:perseus:latlexent.lex44650.1
rasin	http://data.perseus.org/collections/urn:cite:perseus:latlexent.lex44729.1
ravenn	http://data.perseus.org/collections/urn:cite:perseus:latlexent.lex44778.1
ravenn	http://data.perseus.org/collections/urn:cite:perseus:latlexent.lex44777.1
ravi	http://data.perseus.org/collections/urn:cite:perseus:latlexent.lex44778.1
ravi	http://data.perseus.org/collections/urn:cite:perseus:latlexent.lex44777.1
ravi	http://data.perseus.org/collections/urn:cite:perseus:latlexent.lex44774.1
re	http://data.perseus.org/collections/urn:cite:perseus:latlexent.lex46282.1
re	http://data.perseus.org/collections/urn:cite:perseus:latlexent.lex45437.1
re	http://data.perseus.org/collections/urn:cite:perseus:latlexent.lex45597.1
rector	http://data.perseus.org/collections/urn:cite:perseus:latlexent.lex44957.1
redacta	http://data.perseus.org/collections/urn:cite:perseus:latlexent.lex45026.1
reddit	http://data.perseus.org/collections/urn:cite:perseus:latlexent.lex45009.1
redemptionis	http://data.perseus.org/collections/urn:cite:perseus:latlexent.lex45011.1
refecit	http://data.perseus.org/collections/urn:cite:perseus:latlexent.lex45097.1
rege	http://data.perseus.org/collections/urn:cite:perseus:latlexent.lex45212.1
rege	http://data.perseus.org/collections/urn:cite:perseus:latlexent.lex45939.1
regionis	http://data.perseus.org/collections/urn:cite:perseus:latlexent.lex45200.1
regni	http://data.perseus.org/collections/urn:cite:perseus:latlexent.lex45211.1
rei	http://data.perseus.org/collections/urn:cite:perseus:latlexent.lex45867.1
rei	http://data.perseus.org/collections/urn:cite:perseus:latlexent.lex45018.1
rei	http://data.perseus.org/collections/urn:cite:perseus:latlexent.lex45597.1
reliquo	http://data.perseus.org/collections/urn:cite:perseus:latlexent.lex45293.1
rem	http://data.perseus.org/collections/urn:cite:perseus:latlexent.lex45597.1
res	http://data.perseus.org/collections/urn:cite:perseus:latlexent.lex45437.1
res	http://data.perseus.org/collections/urn:cite:perseus:latlexent.lex45597.1
restituerunt	http://data.perseus.org/collections/urn:cite:perseus:latlexent.lex45729.1
restituit	http://data.perseus.org/collections/urn:cite:perseus:latlexent.lex45729.1
restituta	http://data.perseus.org/collections/urn:cite:perseus:latlexent.lex45729.1
restitutam	http://data.perseus.org/collections/urn:cite:perseus:latlexent.lex45729.1
rexit	http://data.perseus.org/collections/urn:cite:perseus:latlexent.lex45212.1
ro	http://data.perseus.org/collections/urn:cite:perseus:latlexent.lex46282.1
rubeis	http://data.perseus.org/collections/urn:cite:perseus:latlexent.lex46170.1
rubeis	http://data.perseus.org/collections/urn:cite:perseus:latlexent.lex46171.1
rufae	http://data.perseus.org/collections/urn:cite:perseus:latlexent.lex46218.1
rufus	http://data.perseus.org/collections/urn:cite:perseus:latlexent.lex46218.1
ruinas	http://data.perseus.org/collections/urn:cite:perseus:latlexent.lex46228.1
rum	http://data.perseus.org/collections/urn:cite:perseus:latlexent.lex46282.1
sacerdos	http://data.perseus.org/collections/urn:cite:perseus:latlexent.lex46357.1
sacramenta	http://data.perseus.org/collections/urn:cite:perseus:latlexent.lex46370.1
sacrarum	http://data.perseus.org/collections/urn:cite:perseus:latlexent.lex46356.1
sacri	http://data.perseus.org/collections/urn:cite:perseus:latlexent.lex46356.1
sacri	http://data.perseus.org/collections/urn:cite:perseus:latlexent.lex46397.1
sacris	http://data.perseus.org/collections/urn:cite:perseus:latlexent.lex46356.1
sacris	http://data.perseus.org/collections/urn:cite:perseus:latlexent.lex46397.1
sacrum	http://data.perseus.org/collections/urn:cite:perseus:latlexent.lex46397.1
sacrum	http://data.perseus.org/collections/urn:cite:perseus:latlexent.lex46356.1
salio	http://data.perseus.org/collections/urn:cite:perseus:latlexent.lex46496.1
salio	http://data.perseus.org/collections/urn:cite:perseus:latlexent.lex46497.1
saluti	http://data.perseus.org/collections/urn:cite:perseus:latlexent.lex46561.1
salutis	http://data.perseus.org/collections/urn:cite:perseus:latlexent.lex46561.1
sana	http://data.perseus.org/collections/urn:cite:perseus:latlexent.lex46668.1
sana	http://data.perseus.org/collections/urn:cite:perseus:latlexent.lex46666.1
sanctum	http://data.perseus.org/collections/urn:cite:perseus:latlexent.lex46609.1
sanctum	http://data.perseus.org/collections/urn:cite:perseus:latlexent.lex46625.1
saxis	http://data.perseus.org/collections/urn:cite:perseus:latlexent.lex46850.1
scarum	http://data.perseus.org/collections/urn:cite:perseus:latlexent.lex46936.1
sci	http://data.perseus.org/collections/urn:cite:perseus:latlexent.lex47012.1
sci	http://data.perseus.org/collections/urn:cite:perseus:latlexent.lex47047.1
secunda	http://data.perseus.org/collections/urn:cite:perseus:latlexent.lex47769.1
secunda	http://data.perseus.org/collections/urn:cite:perseus:latlexent.lex47268.1
secunda	http://data.perseus.org/collections/urn:cite:perseus:latlexent.lex47270.1
secundae	http://data.perseus.org/collections/urn:cite:perseus:latlexent.lex47769.1
secundae	http://data.perseus.org/collections/urn:cite:perseus:latlexent.lex47270.1
secundo	http://data.perseus.org/collections/urn:cite:perseus:latlexent.lex47267.1
secundo	http://data.perseus.org/collections/urn:cite:perseus:latlexent.lex47270.1
secundo	http://data.perseus.org/collections/urn:cite:perseus:latlexent.lex47769.1
secundo	http://data.perseus.org/collections/urn:cite:perseus:latlexent.lex47268.1
secundus	http://data.perseus.org/collections/urn:cite:perseus:latlexent.lex47769.1
secundus	http://data.perseus.org/collections/urn:cite:perseus:latlexent.lex47270.1
semper	http://data.perseus.org/collections/urn:cite:perseus:latlexent.lex47565.1
senatus	http://data.perseus.org/collections/urn:cite:perseus:latlexent.lex47584.1
senior	http://data.perseus.org/collections/urn:cite:perseus:latlexent.lex47594.1
senior	http://data.perseus.org/collections/urn:cite:perseus:latlexent.lex47595.1
septe	http://data.perseus.org/collections/urn:cite:perseus:latlexent.lex46414.1
septi	http://data.perseus.org/collections/urn:cite:perseus:latlexent.lex46414.1
septimi	http://data.perseus.org/collections/urn:cite:perseus:latlexent.lex47720.1
septimius	http://data.perseus.org/collections/urn:cite:perseus:latlexent.lex47720.1
serapione	http://data.perseus.org/collections/urn:cite:perseus:latlexent.lex47775.1
serapione	http://data.perseus.org/collections/urn:cite:perseus:latlexent.lex47774.1
serit	http://data.perseus.org/collections/urn:cite:perseus:latlexent.lex47816.1
serit	http://data.perseus.org/collections/urn:cite:perseus:latlexent.lex47815.1
servius	http://data.perseus.org/collections/urn:cite:perseus:latlexent.lex47878.1
severa	http://data.perseus.org/collections/urn:cite:perseus:latlexent.lex47949.1
severae	http://data.perseus.org/collections/urn:cite:perseus:latlexent.lex47949.1
severi	http://data.perseus.org/collections/urn:cite:perseus:latlexent.lex47949.1
severo	http://data.perseus.org/collections/urn:cite:perseus:latlexent.lex47949.1
severo	http://data.perseus.org/collections/urn:cite:perseus:latlexent.lex47815.1
severus	http://data.perseus.org/collections/urn:cite:perseus:latlexent.lex47949.1
sevir	http://data.perseus.org/collections/urn:cite:perseus:latlexent.lex47950.1
sex	http://data.perseus.org/collections/urn:cite:perseus:latlexent.lex47955.1
sibi	http://data.perseus.org/collections/urn:cite:perseus:latlexent.lex50120.1
sicuti	http://data.perseus.org/collections/urn:cite:perseus:latlexent.lex48051.1
siluri	http://data.perseus.org/collections/urn:cite:perseus:latlexent.lex48136.1
sima	http://data.perseus.org/collections/urn:cite:perseus:latlexent.lex48200.1
sima	http://data.perseus.org/collections/urn:cite:perseus:latlexent.lex48149.1
sima	http://data.perseus.org/collections/urn:cite:perseus:latlexent.lex48165.1
simae	http://data.perseus.org/collections/urn:cite:perseus:latlexent.lex48200.1
simae	http://data.perseus.org/collections/urn:cite:perseus:latlexent.lex48149.1
sine	http://data.perseus.org/collections/urn:cite:perseus:latlexent.lex48245.1
sine	http://data.perseus.org/collections/urn:cite:perseus:latlexent.lex48215.1
sine	http://data.perseus.org/collections/urn:cite:perseus:latlexent.lex48240.1
sit	http://data.perseus.org/collections/urn:cite:perseus:latlexent.lex50141.1
sita	http://data.perseus.org/collections/urn:cite:perseus:latlexent.lex48240.1
sitae	http://data.perseus.org/collections/urn:cite:perseus:latlexent.lex48240.1
situ	http://data.perseus.org/collections/urn:cite:perseus:latlexent.lex48240.1
sodali	http://data.perseus.org/collections/urn:cite:perseus:latlexent.lex48371.1
sol	http://data.perseus.org/collections/urn:cite:perseus:latlexent.lex48376.1
sophiae	http://data.perseus.org/collections/urn:cite:perseus:latlexent.lex48516.1
spectacula	http://data.perseus.org/collections/urn:cite:perseus:latlexent.lex48652.1
splendidis	http://data.perseus.org/collections/urn:cite:perseus:latlexent.lex48792.1
stator	http://data.perseus.org/collections/urn:cite:perseus:latlexent.lex48975.1
statuam	http://data.perseus.org/collections/urn:cite:perseus:latlexent.lex48985.1
statuam	http://data.perseus.org/collections/urn:cite:perseus:latlexent.lex48976.1
statuis	http://data.perseus.org/collections/urn:cite:perseus:latlexent.lex48976.1
statuis	http://data.perseus.org/collections/urn:cite:perseus:latlexent.lex48985.1
statum	http://data.perseus.org/collections/urn:cite:perseus:latlexent.lex49117.1
statum	http://data.perseus.org/collections/urn:cite:perseus:latlexent.lex48989.1
stephanum	http://data.perseus.org/collections/urn:cite:perseus:latlexent.lex49016.1
struendum	http://data.perseus.org/collections/urn:cite:perseus:latlexent.lex49266.1
sua	http://data.perseus.org/collections/urn:cite:perseus:latlexent.lex50781.1
suae	http://data.perseus.org/collections/urn:cite:perseus:latlexent.lex50781.1
subiaceat	http://data.perseus.org/collections/urn:cite:perseus:latlexent.lex49532.1
subtraxerit	http://data.perseus.org/collections/urn:cite:perseus:latlexent.lex49823.1
successoribus	http://data.perseus.org/collections/urn:cite:perseus:latlexent.lex49904.1
suis	http://data.perseus.org/collections/urn:cite:perseus:latlexent.lex50704.1
suis	http://data.perseus.org/collections/urn:cite:perseus:latlexent.lex50781.1
suis	http://data.perseus.org/collections/urn:cite:perseus:latlexent.lex50210.1
sunt	http://data.perseus.org/collections/urn:cite:perseus:latlexent.lex50141.1
suo	http://data.perseus.org/collections/urn:cite:perseus:latlexent.lex50781.1
suo	http://data.perseus.org/collections/urn:cite:perseus:latlexent.lex50210.1
superstitione	http://data.perseus.org/collections/urn:cite:perseus:latlexent.lex50492.1
supra	http://data.perseus.org/collections/urn:cite:perseus:latlexent.lex50627.1
sustinens	http://data.perseus.org/collections/urn:cite:perseus:latlexent.lex50756.1
syntropho	http://data.perseus.org/collections/urn:cite:perseus:latlexent.lex50864.1
tabulis	http://data.perseus.org/collections/urn:cite:perseus:latlexent.lex50905.1
tam	http://data.perseus.org/collections/urn:cite:perseus:latlexent.lex50976.1
tamen	http://data.perseus.org/collections/urn:cite:perseus:latlexent.lex50981.1
tanti	http://data.perseus.org/collections/urn:cite:perseus:latlexent.lex51006.1
tat	http://data.perseus.org/collections/urn:cite:perseus:latlexent.lex51039.1
te	http://data.perseus.org/collections/urn:cite:perseus:latlexent.lex52472.1
tectum	http://data.perseus.org/collections/urn:cite:perseus:latlexent.lex51105.1
tectum	http://data.perseus.org/collections/urn:cite:perseus:latlexent.lex51091.1
templum	http://data.perseus.org/collections/urn:cite:perseus:latlexent.lex51168.1
tempore	http://data.perseus.org/collections/urn:cite:perseus:latlexent.lex51184.1
teneatur	http://data.perseus.org/collections/urn:cite:perseus:latlexent.lex51212.1
ter	http://data.perseus.org/collections/urn:cite:perseus:latlexent.lex51266.1
terra	http://data.perseus.org/collections/urn:cite:perseus:latlexent.lex51320.1
terrae	http://data.perseus.org/collections/urn:cite:perseus:latlexent.lex51320.1
tertium	http://data.perseus.org/collections/urn:cite:perseus:latlexent.lex51369.1
tertius	http://data.perseus.org/collections/urn:cite:perseus:latlexent.lex51369.1
test	http://data.perseus.org/collections/urn:cite:perseus:latlexent.lex52472.1
testamento	http://data.perseus.org/collections/urn:cite:perseus:latlexent.lex51391.1
theatrum	http://data.perseus.org/collections/urn:cite:perseus:latlexent.lex51493.1
thecae	http://data.perseus.org/collections/urn:cite:perseus:latlexent.lex51494.1
thermarum	http://data.perseus.org/collections/urn:cite:perseus:latlexent.lex51514.1
titulo	http://data.perseus.org/collections/urn:cite:perseus:latlexent.lex51670.1
titulo	http://data.perseus.org/collections/urn:cite:perseus:latlexent.lex51671.1
titulos	http://data.perseus.org/collections/urn:cite:perseus:latlexent.lex51671.1
tradant	http://data.perseus.org/collections/urn:cite:perseus:latlexent.lex51866.1
trai	http://data.perseus.org/collections/urn:cite:perseus:latlexent.lex51962.1
transtulit	http://data.perseus.org/collections/urn:cite:perseus:latlexent.lex51966.1
tribunicia	http://data.perseus.org/collections/urn:cite:perseus:latlexent.lex52180.1
tribuniciae	http://data.perseus.org/collections/urn:cite:perseus:latlexent.lex52180.1
tribuno	http://data.perseus.org/collections/urn:cite:perseus:latlexent.lex52181.1
tribunus	http://data.perseus.org/collections/urn:cite:perseus:latlexent.lex52181.1
tricenum	http://data.perseus.org/collections/urn:cite:perseus:latlexent.lex52196.1
tridui	http://data.perseus.org/collections/urn:cite:perseus:latlexent.lex52238.1
triumphis	http://data.perseus.org/collections/urn:cite:perseus:latlexent.lex52401.1
tropaeum	http://data.perseus.org/collections/urn:cite:perseus:latlexent.lex52426.1
tropaeum	http://data.perseus.org/collections/urn:cite:perseus:latlexent.lex52425.1
tu	http://data.perseus.org/collections/urn:cite:perseus:latlexent.lex52472.1
tulerat	http://data.perseus.org/collections/urn:cite:perseus:latlexent.lex24946.1
tuo	http://data.perseus.org/collections/urn:cite:perseus:latlexent.lex52651.1
tyranno	http://data.perseus.org/collections/urn:cite:perseus:latlexent.lex52675.1
ultus	http://data.perseus.org/collections/urn:cite:perseus:latlexent.lex52704.1
uno	http://data.perseus.org/collections/urn:cite:perseus:latlexent.lex52929.1
uno	http://data.perseus.org/collections/urn:cite:perseus:latlexent.lex52925.1
urbanae	http://data.perseus.org/collections/urn:cite:perseus:latlexent.lex52941.1
urbanus	http://data.perseus.org/collections/urn:cite:perseus:latlexent.lex52941.1
urbi	http://data.perseus.org/collections/urn:cite:perseus:latlexent.lex52946.1
urbis	http://data.perseus.org/collections/urn:cite:perseus:latlexent.lex52946.1
ut	http://data.perseus.org/collections/urn:cite:perseus:latlexent.lex53023.1
uti	http://data.perseus.org/collections/urn:cite:perseus:latlexent.lex53049.1
uti	http://data.perseus.org/collections/urn:cite:perseus:latlexent.lex53040.1
uti	http://data.perseus.org/collections/urn:cite:perseus:latlexent.lex53050.1
uxor	http://data.perseus.org/collections/urn:cite:perseus:latlexent.lex53085.1
uxori	http://data.perseus.org/collections/urn:cite:perseus:latlexent.lex53085.1
uxori	http://data.perseus.org/collections/urn:cite:perseus:latlexent.lex53087.1
valenti	http://data.perseus.org/collections/urn:cite:perseus:latlexent.lex53148.1
valeriae	http://data.perseus.org/collections/urn:cite:perseus:latlexent.lex53149.1
valgus	http://data.perseus.org/collections/urn:cite:perseus:latlexent.lex53155.1
vallis	http://data.perseus.org/collections/urn:cite:perseus:latlexent.lex53169.1
vallis	http://data.perseus.org/collections/urn:cite:perseus:latlexent.lex53161.1
varus	http://data.perseus.org/collections/urn:cite:perseus:latlexent.lex53232.1
varus	http://data.perseus.org/collections/urn:cite:perseus:latlexent.lex53231.1
vehes	http://data.perseus.org/collections/urn:cite:perseus:latlexent.lex53313.1
vehes	http://data.perseus.org/collections/urn:cite:perseus:latlexent.lex53309.1
venustus	http://data.perseus.org/collections/urn:cite:perseus:latlexent.lex53450.1
veri	http://data.perseus.org/collections/urn:cite:perseus:latlexent.lex53611.1
veri	http://data.perseus.org/collections/urn:cite:perseus:latlexent.lex53607.1
veri	http://data.perseus.org/collections/urn:cite:perseus:latlexent.lex53608.1
veri	http://data.perseus.org/collections/urn:cite:perseus:latlexent.lex53457.1
vero	http://data.perseus.org/collections/urn:cite:perseus:latlexent.lex53544.1
vero	http://data.perseus.org/collections/urn:cite:perseus:latlexent.lex53611.1
vero	http://data.perseus.org/collections/urn:cite:perseus:latlexent.lex53608.1
vero	http://data.perseus.org/collections/urn:cite:perseus:latlexent.lex53607.1
versato	http://data.perseus.org/collections/urn:cite:perseus:latlexent.lex53578.1
versato	http://data.perseus.org/collections/urn:cite:perseus:latlexent.lex53577.1
vetus	http://data.perseus.org/collections/urn:cite:perseus:latlexent.lex53695.1
vexillaris	http://data.perseus.org/collections/urn:cite:perseus:latlexent.lex53710.1
vi	http://data.perseus.org/collections/urn:cite:perseus:latlexent.lex54017.1
viae	http://data.perseus.org/collections/urn:cite:perseus:latlexent.lex53715.1
viarum	http://data.perseus.org/collections/urn:cite:perseus:latlexent.lex53715.1
victori	http://data.perseus.org/collections/urn:cite:perseus:latlexent.lex53779.1
vidua	http://data.perseus.org/collections/urn:cite:perseus:latlexent.lex53803.1
vidua	http://data.perseus.org/collections/urn:cite:perseus:latlexent.lex53797.1
vidua	http://data.perseus.org/collections/urn:cite:perseus:latlexent.lex53804.1
viduae	http://data.perseus.org/collections/urn:cite:perseus:latlexent.lex53804.1
viduae	http://data.perseus.org/collections/urn:cite:perseus:latlexent.lex53797.1
vilicus	http://data.perseus.org/collections/urn:cite:perseus:latlexent.lex53842.1
vincet	http://data.perseus.org/collections/urn:cite:perseus:latlexent.lex53883.1
vinculo	http://data.perseus.org/collections/urn:cite:perseus:latlexent.lex53890.1
vinculo	http://data.perseus.org/collections/urn:cite:perseus:latlexent.lex53891.1
violentiam	http://data.perseus.org/collections/urn:cite:perseus:latlexent.lex53939.1
vir	http://data.perseus.org/collections/urn:cite:perseus:latlexent.lex53948.1
virgo	http://data.perseus.org/collections/urn:cite:perseus:latlexent.lex53974.1
viri	http://data.perseus.org/collections/urn:cite:perseus:latlexent.lex53948.1
viri	http://data.perseus.org/collections/urn:cite:perseus:latlexent.lex54016.1
viris	http://data.perseus.org/collections/urn:cite:perseus:latlexent.lex53948.1
viris	http://data.perseus.org/collections/urn:cite:perseus:latlexent.lex54017.1
viris	http://data.perseus.org/collections/urn:cite:perseus:latlexent.lex54016.1
viris	http://data.perseus.org/collections/urn:cite:perseus:latlexent.lex53949.1
viro	http://data.perseus.org/collections/urn:cite:perseus:latlexent.lex54016.1
viro	http://data.perseus.org/collections/urn:cite:perseus:latlexent.lex53948.1
virtute	http://data.perseus.org/collections/urn:cite:perseus:latlexent.lex54012.1
virtutibus	http://data.perseus.org/collections/urn:cite:perseus:latlexent.lex54012.1
visit	http://data.perseus.org/collections/urn:cite:perseus:latlexent.lex54043.1
vita	http://data.perseus.org/collections/urn:cite:perseus:latlexent.lex54091.1
vita	http://data.perseus.org/collections/urn:cite:perseus:latlexent.lex54052.1
vix	http://data.perseus.org/collections/urn:cite:perseus:latlexent.lex54136.1
vixit	http://data.perseus.org/collections/urn:cite:perseus:latlexent.lex54134.1
volvit	http://data.perseus.org/collections/urn:cite:perseus:latlexent.lex54244.1
voti	http://data.perseus.org/collections/urn:cite:perseus:latlexent.lex54284.1
voti	http://data.perseus.org/collections/urn:cite:perseus:latlexent.lex54282.1
vulgare	http://data.perseus.org/collections/urn:cite:perseus:latlexent.lex54286.1
vulgare	http://data.perseus.org/collections/urn:cite:perseus:latlexent.lex54296.1
